product_id,product_position,promotion,product_category,seasonal,sales_volume,brand,url,sku,name,description,price,currency,scraped_at,terms,section,stock,trafico
185102,Aisle,no,Clothing,0,2823,Zara,https://www.zara.com/us/en/basic-puffer-jacket-p06985450.html,272145190-250-2,BASIC PUFFER JACKET,Puffer jacket made of tear-resistant ripstop fabric. High collar and adjustable long sleeves with adhesive straps. Welt pockets at hip. Adjustable hem with side elastics. Front zip closure.,19.99,USD,2024-02-19T08:50:05.654618,jackets,MAN,5820.490133259156,5084
188771,Aisle,no,Clothing,0,654,Zara,https://www.zara.com/us/en/tuxedo-jacket-p08896675.html,324052738-800-46,TUXEDO JACKET,Straight fit blazer. Pointed lapel collar and long sleeves with buttoned cuffs. Welt pockets at hip and interior pocket. Central back vent at hem. Front button closure.,169.0,USD,2024-02-19T08:50:06.590930,jackets,MAN,1913.650734588128,4923
180176,End-cap,yes,Clothing,1,2220,Zara,https://www.zara.com/us/en/slim-fit-suit-jacket-p01564520.html,335342680-800-44,SLIM FIT SUIT JACKET,Slim fit jacket. Notched lapel collar. Long sleeves with buttoned cuffs. Welt pocket at chest and flap pockets at hip. Interior pocket. Back vents. Front button closure.,129.0,USD,2024-02-19T08:50:07.301419,jackets,MAN,5767.539826231979,5139
112917,Aisle,yes,Clothing,1,1568,Zara,https://www.zara.com/us/en/stretch-suit-jacket-p01564300.html,328303236-420-44,STRETCH SUIT JACKET,Slim fit jacket made of viscose blend fabric. Notched lapel collar. Long sleeves with buttoned cuffs. Welt pocket at chest and flap pockets at hip. Interior pocket. Back vents. Front button closure.,129.0,USD,2024-02-19T08:50:07.882922,jackets,MAN,3760.04475483143,5014
192936,End-cap,no,Clothing,1,2942,Zara,https://www.zara.com/us/en/double-faced-jacket-p08281477.html,312368260-800-2,DOUBLE FACED JACKET,Jacket made of faux leather faux shearling with fleece interior. Tabbed lapel collar. Long sleeves. Zip pockets at hip. Front zip closure.,139.0,USD,2024-02-19T08:50:08.453847,jackets,MAN,5101.510260272473,4913
117590,End-cap,no,Clothing,0,2968,Zara,https://www.zara.com/us/en/contrasting-collar-jacket-p06987331.html,320298385-807-2,CONTRASTING COLLAR JACKET,Relaxed fit jacket. Contrasting lapel collar and long sleeves with buttoned cuffs. Front pouch pockets. Interior pocket. Washed effect. Front zip closure.,79.9,USD,2024-02-19T08:50:09.140497,jackets,MAN,5146.487604536774,5095
189118,Front of Store,yes,Clothing,1,952,Zara,https://www.zara.com/us/en/faux-leather-puffer-jacket-p08281420.html,278112470-800-2,FAUX LEATHER PUFFER JACKET,Faux leather puffer jacket. High collar and long sleeves with ribbed interior cuffs. Welt pockets at hip. Interior pocket. Adjustable hem with side elastics. Front zip closure.,69.99,USD,2024-02-19T08:50:09.688951,jackets,MAN,1510.9433981761888,5041
182157,Aisle,no,Clothing,0,2421,Zara,https://www.zara.com/us/en/suit-jacket-in-100-linen-p04307408.html,322972485-431-46,SUIT JACKET IN 100% LINEN,Straight fit blazer made of linen. Notched lapel collar and long sleeves with buttoned cuffs. Welt pocket at chest and flap pockets at hip. Interior pocket. Back vents. Front button closure.,159.0,USD,2024-02-19T08:50:10.200777,jackets,MAN,6777.018673381677,4971
141861,Aisle,yes,Clothing,1,1916,Zara,https://www.zara.com/us/en/100-wool-suit-jacket-p05955218.html,313854165-401-46,100% WOOL SUIT JACKET,Jacket made of Italian wool. Pointed lapel collar and long sleeves with buttoned cuffs. Welt pocket at chest and flap pockets at hip. Interior pocket. Back vents. Front button closure.,169.0,USD,2024-02-19T08:50:10.880741,jackets,MAN,4601.604543749982,5070
137121,Aisle,no,Clothing,1,656,Zara,https://www.zara.com/us/en/100-feather-fill-puffer-jacket-p04302305.html,312372602-800-2,100% FEATHER FILL PUFFER JACKET,Puffer jacket made of shiny finish technical fabric. Fill is a blend of 80% down and 20% feathers. High collar with adjustable hood and long sleeves with elastic cuffs. Welt pockets at hip and interior pocket. Adjustable hem with side elastics. Front zip closure.,169.0,USD,2024-02-19T08:50:11.380061,jackets,MAN,1680.7434165513089,5090
113143,Aisle,yes,Clothing,1,2663,Zara,https://www.zara.com/us/en/herringbone-textured-jacket-p08491401.html,316207900-710-2,HERRINGBONE TEXTURED JACKET,Jacket made of wool blend fabric. Lapel collar and long sleeves. Welt pockets at hip. Front zip closure.,129.0,USD,2024-02-19T08:50:12.011296,jackets,MAN,4076.724762464583,5002
140028,Aisle,yes,Clothing,1,1260,Zara,https://www.zara.com/us/en/oversized-cropped-jacket-limited-edition-p04304672.html,329186122-800-2,OVERSIZED CROPPED JACKET LIMITED EDITION,Oversized cropped jacket. Notched lapel collar and long sleeves with buttoned cuffs. Flap pockets at waist ad interior pocket. Front button closure.,159.0,USD,2024-02-19T08:50:12.510507,jackets,MAN,3723.1296205861695,5067
134693,Aisle,yes,Clothing,0,2124,Zara,https://www.zara.com/us/en/leather-biker-jacket-p05833412.html,311297791-800-2,LEATHER BIKER JACKET,Jacket with lapel collar and snap button details. Long sleeves with zip cuffs. Front zip pockets and interior pocket. Asymmetric front closure with metal zipper.,169.0,USD,2024-02-19T08:50:13.210501,jackets,MAN,5838.162253590143,5042
151396,Front of Store,yes,Clothing,1,729,Zara,https://www.zara.com/us/en/cropped-leather-jacket-p02521104.html,323134418-800-3,CROPPED LEATHER JACKET,Leather jacket. Cropped length. Lapel collar and long sleeves. Front hidden in-seam pockets. Front zip closure.,439.0,USD,2024-02-19T08:50:13.771115,jackets,MAN,1325.6928175266949,5101
132889,Aisle,yes,Clothing,1,2265,Zara,https://www.zara.com/us/en/faux-leather-boxy-fit-jacket-p08281654.html,311297555-706-2,FAUX LEATHER BOXY FIT JACKET,Boxy fit jacket. Lapel collar and long sleeves with buttoned cuffs. Welt pockets at hip. Front button closure.,99.9,USD,2024-02-19T08:50:14.252907,jackets,MAN,4015.250326086124,4975
152174,End-cap,no,Clothing,0,2226,Zara,https://www.zara.com/us/en/faux-leather-jacket-p03427320.html,317012940-800-2,FAUX LEATHER JACKET,Jacket made of faux leather fabric. Lapel collar with snap button details. Long sleeves with zip cuffs. Front zip pockets at chest and hip. Interior pocket. Asymmetric front closure with metal zipper.,99.9,USD,2024-02-19T08:50:14.853868,jackets,MAN,3951.3876584006157,5016
129906,Aisle,no,Clothing,0,2089,Zara,https://www.zara.com/us/en/faux-suede-bomber-jacket-p06318600.html,311292672-800-2,FAUX SUEDE BOMBER JACKET,Jacket made of faux suede fabric. Ribbed elastic high collar and long sleeve. Welt pockets at hip. Rib trim. Front zip closure.,69.9,USD,2024-02-19T08:50:15.386895,jackets,MAN,4086.8430683137112,4993
195879,Front of Store,yes,Clothing,1,2339,Zara,https://www.zara.com/us/en/denim-bomber-jacket-p00621400.html,321496837-400-3,DENIM BOMBER JACKET,Jacket made of denim fabric with padded interior. Rib elastic collar and long sleeves. Welt pockets at hip and interior pocket. Elastic hem. All-over contrasting topstitching details. Front zip closure.,129.0,USD,2024-02-19T08:50:15.895051,jackets,MAN,5349.607940381707,4955
155050,Aisle,no,Clothing,1,2321,Zara,https://www.zara.com/us/en/boucle-textured-jacket-p08491402.html,316205038-615-2,BOUCLÉ TEXTURED JACKET,Cropped jacket made with wool blend fabric. High collar and long sleeves with elastic cuffs. Front patch pockets with flaps. Elastic hem. Front snap button closure.,129.0,USD,2024-02-19T08:50:16.580479,jackets,MAN,4985.316582402526,4780
194410,End-cap,no,Clothing,0,669,Zara,https://www.zara.com/us/en/suit-jacket-in-100-linen-p04307443.html,322972473-052-46,SUIT JACKET IN 100% LINEN,Straight fit blazer made of linen. Notched lapel collar and long sleeves with buttoned cuffs. Flap pockets at hip. Interior pocket. Back vents. Front button closure.,159.0,USD,2024-02-19T08:50:17.153559,jackets,MAN,1295.748442188735,5074
141904,End-cap,yes,Clothing,1,1712,Zara,https://www.zara.com/us/en/jacquard-denim-jacket-p07627402.html,313845662-400-3,JACQUARD DENIM JACKET,Lapel collar jacket with long sleeves with buttoned cuffs. Patch pockets with flaps at chest and side pockets at hip. Front hidden button closure.,109.0,USD,2024-02-19T08:50:17.639427,jackets,MAN,4139.23823364707,4907
124981,Front of Store,no,Clothing,1,1832,Zara,https://www.zara.com/us/en/padded-denim-jacket-p01538413.html,320264577-800-2,PADDED DENIM JACKET,Cropped jacket with lightly quilted interior. Lapel collar and long sleeves. Flap patch pockets at hip. Washed effect. Rib hems. Front zip closure.,89.9,USD,2024-02-19T08:50:18.264732,jackets,MAN,3131.3291290718107,5059
161909,Aisle,yes,Clothing,0,1290,Zara,https://www.zara.com/us/en/leather-jacket-p05479400.html,315529534-705-3,LEATHER JACKET,Relaxed fit jacket in leather. Spread collar and long sleeves with slit cuffs with button closure. Patch pockets at hip. Back vents. Front button closure.,299.0,USD,2024-02-19T08:50:18.813979,jackets,MAN,2500.299894915647,5025
129152,End-cap,no,Clothing,0,2356,Zara,https://www.zara.com/us/en/lightweight-bomber-jacket-p08281315.html,320423517-800-2,LIGHTWEIGHT BOMBER JACKET,Lightweight jacket made of technical fabric. Round neck and long sleeves. Welt pockets at hip. Interior pocket. Rib trim. Front zip closure.,49.9,USD,2024-02-19T08:50:19.405469,jackets,MAN,4828.722754199906,4843
183243,Front of Store,yes,Clothing,0,1524,Zara,https://www.zara.com/us/en/suit-jacket-p04303266.html,328250627-251-46,SUIT JACKET,Straight fit jacket made of dense stretch fabric. Notched lapel collar and long sleeves with buttoned cuffs. Welt pocket at chest and flap pockets at hip. Interior pocket. Back vents. Front button closure.,169.0,USD,2024-02-19T08:50:19.899287,jackets,MAN,3328.575983920144,5008
198248,Front of Store,yes,Clothing,0,1644,Zara,https://www.zara.com/us/en/faux-leather-bomber-jacket-p03918420.html,311309526-800-2,FAUX LEATHER BOMBER JACKET,Jacket made of faux leather fabric. High collar and long sleeves. Welt pockets at hip and interior pocket. Rib trim. Front zip closure.,69.9,USD,2024-02-19T08:50:20.387337,jackets,MAN,4402.243920795171,5003
191230,End-cap,no,Clothing,0,966,Zara,https://www.zara.com/us/en/patch-bomber-jacket-p03918330.html,311287528-811-2,PATCH BOMBER JACKET,Varsity jacket made of faux suede fabric. Double welt pockets at hip and interior pocket. Front and back contrasting patch appliqués and embroidery. Rib trim. Front snap button closure.,89.9,USD,2024-02-19T08:50:20.940517,jackets,MAN,1738.3273103474633,5066
187234,Front of Store,yes,Clothing,1,2575,Zara,https://www.zara.com/us/en/stretch-pocket-overshirt-p07484478.html,342657802-914-2,STRETCH POCKET OVERSHIRT,Overshirt made of stretchy fabric. Lapel collar and long sleeves with snap buttoned cuffs. Chest patch pockets. Front snap button closure.,59.9,USD,2024-02-19T08:50:21.681257,jackets,MAN,5848.730518372575,4988
148888,Front of Store,no,Clothing,0,2774,Zara,https://www.zara.com/us/en/rib-collar-jacket-p08281410.html,316207898-712-2,RIB COLLAR JACKET,Jacket made of technical fabric with padded interior. Tonal elastic rib high collar. Long sleeves. Welt pockets at hip and interior pocket. Interior elastic finish. Front zip closure.,109.0,USD,2024-02-19T08:50:22.196513,jackets,MAN,6626.037021034958,5078
110805,Front of Store,yes,Clothing,0,2477,Zara,https://www.zara.com/us/en/faux-leather-oversized-jacket-limited-edition-p07380310.html,321496761-800-2,FAUX LEATHER OVERSIZED JACKET LIMITED EDITION,Oversized jacket. Notched lapel collar and long sleeves. Flap pockets at hip and interior pocket. Front button closure.,159.0,USD,2024-02-19T08:50:22.752699,jackets,MAN,3888.0865084611514,4982
179801,Front of Store,no,Clothing,1,2608,Zara,https://www.zara.com/us/en/contrasting-patches-bomber-jacket-p06318411.html,311307255-800-2,CONTRASTING PATCHES BOMBER JACKET,Varsity jacket with elastic collar and long sleeves. Welt pockets at hip and interior pocket. Embroidered appliqué and contrast front and back patches. Rib trim. Front snap button closure.,129.0,USD,2024-02-19T08:50:23.449176,jackets,MAN,6288.715460638427,4919
134927,Aisle,yes,Clothing,1,2252,Zara,https://www.zara.com/us/en/patch-bomber-jacket-p03833404.html,317129011-500-2,PATCH BOMBER JACKET,Varsity jacket with padded interior. Rib elastic collar and long sleeves in contrast faux leather. Double welt pockets at hip and interior pocket. Contrasting patch appliqués at front and back. Rib trim. Front snap button closure.,129.0,USD,2024-02-19T08:50:23.929417,jackets,MAN,3954.030489815671,5010
123150,End-cap,yes,Clothing,0,2074,Zara,https://www.zara.com/us/en/cropped-bomber-jacket-limited-edition-p08281600.html,330274270-800-2,CROPPED BOMBER JACKET LIMITED EDITION,Jacket with lightly padded interior. Rib collar and long sleeves. Flap pockets at waist. Rib trim. Front asymmetric zip closure.,129.0,USD,2024-02-19T08:50:24.492261,jackets,MAN,3313.3755057772046,5033
159145,End-cap,yes,Clothing,0,2579,Zara,https://www.zara.com/us/en/faux-leather-puffer-jacket-p03833302.html,311297855-800-2,FAUX LEATHER PUFFER JACKET,Faux leather jacket with padded interior. Lapel collar and long sleeves with snap buttoned cuffs. Welt pockets at hip and interior pocket. Elastic hem. Front zip hidden by a snap button flap.,109.0,USD,2024-02-19T08:50:25.084642,jackets,MAN,7539.263700864521,5011
172364,Aisle,yes,Clothing,0,2931,Zara,https://www.zara.com/us/en/faux-leather-bomber-jacket-p08281667.html,317782474-800-2,FAUX LEATHER BOMBER JACKET,Jacket made of faux leather fabric. Rib elastic collar and long sleeves. Zip pockets with flaps at hip. Interior pocket. Elastic hem. Front zip closure.,109.0,USD,2024-02-19T08:50:26.108791,jackets,MAN,8641.9012334123,4984
178281,End-cap,no,Clothing,1,1145,Zara,https://www.zara.com/us/en/bomber-jacket-p06318502.html,315758723-401-2,BOMBER JACKET,Varsity jacket. High collar and long sleeves. Welt pockets at hip and interior pocket. Rib trim. Front snap button closure.,109.0,USD,2024-02-19T08:50:27.368815,jackets,MAN,3105.9224453900224,4970
194339,End-cap,no,Clothing,0,1792,Zara,https://www.zara.com/us/en/faux-suede-jacket-p08281652.html,311302863-800-2,FAUX SUEDE JACKET,Lapel collar jacket with long sleeves with buttoned cuffs. Flap pockets at chest and welt pockets at hip. Front button closure.,89.9,USD,2024-02-19T08:50:28.013766,jackets,MAN,3506.8018115380205,4831
174412,Aisle,no,Clothing,1,1796,Zara,https://www.zara.com/us/en/faux-suede-bomber-jacket-p08574500.html,311282759-806-2,FAUX SUEDE BOMBER JACKET,Jacket made of faux suede fabric. Rib elastic collar and long sleeves. Welt pockets at hip. Rib trim. Front zip closure.,69.9,USD,2024-02-19T08:50:28.575851,jackets,MAN,2957.128675133198,5086
114877,Aisle,no,Clothing,0,1860,Zara,https://www.zara.com/us/en/suede-jacket-p02521102.html,323134415-700-3,SUEDE JACKET,Jacket made of suede. Cropped length. Lapel collar and long sleeves. Front hidden in-seam pockets. Front zip closure.,349.0,USD,2024-02-19T08:50:29.497634,jackets,MAN,4699.010143968918,4995
140727,End-cap,yes,Clothing,1,1002,Zara,https://www.zara.com/us/en/contrasting-collar-jacket-p01538369.html,312372582-526-2,CONTRASTING COLLAR JACKET,Jacket with lightly padded interior. Contrasting lapel collar. Long sleeves with buttoned cuffs. Washed effect. Double welt pockets at chest and hip. Front zip closure.,79.9,USD,2024-02-19T08:50:30.899896,jackets,MAN,2164.549198090621,4998
133109,Front of Store,no,Clothing,1,2063,Zara,https://www.zara.com/us/en/textured-jacket-p04302457.html,321143726-712-2,TEXTURED JACKET,Jacket made of textured fabric. Lapel collar and long sleeves with buttoned cuffs. Patch pockets at chest and hidden pockets at hip. Side vents at hem. Front button closure.,79.9,USD,2024-02-19T08:50:31.435371,jackets,MAN,3472.147317727168,4925
127296,Aisle,no,Clothing,0,1165,Zara,https://www.zara.com/us/en/cropped-textured-jacket-p01538410.html,320220949-507-2,CROPPED TEXTURED JACKET,Jacket made of dense cotton fabric cut on the bias. Lapel collar and long sleeves with buttoned cuffs. Welt pockets at hip and interior pocket. Cropped length. Front zip closure.,89.9,USD,2024-02-19T08:50:32.016086,jackets,MAN,2612.8216504194443,4979
133757,Aisle,yes,Clothing,0,2071,Zara,https://www.zara.com/us/en/pocket-puffer-jacket-p08281439.html,312664937-514-2,POCKET PUFFER JACKET,Quilted jacket made of technical fabric. High collar and long sleeves. Flap pocket at chest and hidden in-seam pockets at side hip. Interior pocket. Interior elastic hem. Cropped length. Front zip closure.,129.0,USD,2024-02-19T08:50:32.531017,jackets,MAN,3213.327940844426,5027
111760,End-cap,no,Clothing,0,1474,Zara,https://www.zara.com/us/en/technical-jacket-with-pockets-p03286501.html,321143723-401-2,TECHNICAL JACKET WITH POCKETS,Jacket made of technical fabric with quilted interior. Lapel collar and long sleeves. Flap patch pockets at hip. Rib trim. Front button closure.,109.0,USD,2024-02-19T08:50:33.138517,jackets,MAN,4221.507408996187,4974
198375,End-cap,no,Clothing,0,2202,Zara,https://www.zara.com/us/en/faux-leather-jacket-p08281345.html,311297763-800-2,FAUX LEATHER JACKET,Jacket made of faux leather fabric. Lapel collar and long sleeves with snap buttoned cuffs. Welt pockets at hip. Front snap button closure.,69.9,USD,2024-02-19T08:50:33.724614,jackets,MAN,4157.750279224856,5001
168837,Aisle,no,Clothing,0,665,Zara,https://www.zara.com/us/en/faux-suede-jacket-p03548689.html,311292194-731-2,FAUX SUEDE JACKET,Lapel collar jacket with long sleeves with buttoned cuffs. Flap pockets at chest and welt pockets at hip. Front button closure.,89.9,USD,2024-02-19T08:50:34.380743,jackets,MAN,1658.365978643097,5033
138505,Front of Store,no,Clothing,0,2478,Zara,https://www.zara.com/us/en/ripped-denim-jacket-p01538470.html,335663355-406-2,RIPPED DENIM JACKET,Denim jacket with lapel collar and long sleeves with buttoned cuffs. Flap pockets at chest and welt pockets at hip. All over washed effect and rips. Front button closure.,69.9,USD,2024-02-19T08:50:35.011352,jackets,MAN,4875.63006982434,4869
116228,End-cap,yes,Clothing,0,647,Zara,https://www.zara.com/us/en/textured-pocket-jacket-p03918500.html,312363708-800-2,TEXTURED POCKET JACKET,Jacket with lightly padded interior. Lapel collar and long sleeves with buttoned cuffs. Flap pockets at chest and welt pockets at hip. Front button closure.,89.9,USD,2024-02-19T08:50:35.534355,jackets,MAN,1475.2260145530654,5144
167592,Front of Store,yes,Clothing,0,707,Zara,https://www.zara.com/us/en/faux-suede-patch-jacket-p08281357.html,312320664-251-2,FAUX SUEDE PATCH JACKET,Varsity jacket made of faux suede fabric. Lapel collar and long sleeves. Double welt pockets at hip and interior pocket. Front contrasting patch appliqués and embroidery. Rib trim. Front snap button closure.,89.9,USD,2024-02-19T08:50:36.278549,jackets,MAN,1640.286251243548,4977
133100,End-cap,yes,Clothing,0,2729,Zara,https://www.zara.com/us/en/puffer-jacket-with-pouch-pocket-p00155401.html,311302445-445-97,PUFFER JACKET WITH POUCH POCKET,Jacket made of technical fabric with padded interior. High collar with front zip closure and long sleeves with elastic strap cuffs. Front and back contrast embroidered text. Zip pockets at hip. Adjustable elastic strap at hem with side zippers and strap.,89.9,USD,2024-02-19T08:50:37.262777,jackets,MAN,4850.201713693745,4992
119955,Front of Store,no,Clothing,0,1590,Zara,https://www.zara.com/us/en/bomber-jacket-p05039440.html,323216370-422-97,BOMBER JACKET,Boxy bomber jacket. Rib elastic collar and long sleeves. Welt pockets at hip. Elasticized trim. Front zip closure.,89.9,USD,2024-02-19T08:50:37.977065,jackets,MAN,4697.459337218472,5146
189349,End-cap,yes,Clothing,0,1245,Zara,https://www.zara.com/us/en/textured-weave-overshirt-p01608101.html,317107014-707-2,TEXTURED WEAVE OVERSHIRT,Relaxed fit overshirt. Lapel collar and long sleeves with buttoned cuffs. Side hidden in-seam pockets. Front button closure.,89.9,USD,2024-02-19T08:50:38.675293,jackets,MAN,3315.0605476268815,4932
127478,Front of Store,no,Clothing,1,2498,Zara,https://www.zara.com/us/en/straight-suit-jacket-p04143291.html,328594167-800-46,STRAIGHT SUIT JACKET,Straight fit blazer. Notched lapel collar and long sleeves with buttoned cuffs. Flap pockets at hip. Interior pocket. Central back vent at hem. Front button closure.,129.0,USD,2024-02-19T08:50:39.146924,jackets,MAN,7267.302534041017,4893
180661,Front of Store,no,Clothing,1,1041,Zara,https://www.zara.com/us/en/hooded-quilted-jacket-p00029501.html,311309598-711-2,HOODED QUILTED JACKET,Puffer jacket with high collar and adjustable hood. Long sleeves with interior rib cuffs. Welt pockets at hip and interior pocket. Adjustable hem with side elastics. Front zip hidden by a snap button flap.,129.0,USD,2024-02-19T08:50:39.688602,jackets,MAN,2958.772907692774,4889
186681,End-cap,no,Clothing,1,1717,Zara,https://www.zara.com/us/en/lightweight-puffer-jacket-p04302520.html,267133943-711-2,LIGHTWEIGHT PUFFER JACKET,Padded jacket made of technical fabric. High collar and long sleeves. Welt pockets at hip. Elasticized trim. Front zip closure.,19.99,USD,2024-02-19T08:50:40.213708,jackets,MAN,4115.39139542795,4870
133183,Front of Store,yes,Clothing,1,2859,Zara,https://www.zara.com/us/en/cotton-blend-bomber-jacket-p06518350.html,318265017-401-2,COTTON BLEND BOMBER JACKET,Jacket made of cotton blend fabric. High collar and long sleeves. Welt pockets at hip. Rib trim. Cropped length. Front zip closure.,89.9,USD,2024-02-19T08:50:40.898654,jackets,MAN,8241.957656896637,5082
173508,Aisle,yes,Clothing,0,1658,Zara,https://www.zara.com/us/en/pocket-jacket-p06318507.html,322410604-401-2,POCKET JACKET,Jacket made of dense technical fabric. Lapel collar and long sleeves with buttoned cuffs. Multi-functional front pockets. Front zip hidden by a snap button flap.,129.0,USD,2024-02-19T08:50:41.427891,jackets,MAN,2707.0808526031237,5071
187930,End-cap,no,Clothing,1,706,Zara,https://www.zara.com/us/en/oversized-bomber-jacket-p08281311.html,324149982-982-2,OVERSIZED BOMBER JACKET,Oversized jacket made of technical fabric. High collar and long sleeves with pocket detail. Welt pockets at hip and interior pocket. Rib trim. Adjustable asymmetric hem with side zippers. Front zip closure.,89.9,USD,2024-02-19T08:50:41.944116,jackets,MAN,1266.5458513018748,4903
124088,End-cap,yes,Clothing,1,2065,Zara,https://www.zara.com/us/en/embroidered-patch-jacket-p05320345.html,320531693-707-2,EMBROIDERED PATCH JACKET,Roomy jacket made of lightweight fabric. Lapel collar and long sleeves with elastic cuffs. Contrasting patch appliqués with embroidery at front and back. Front pouch pocket. Elastic hem. Front zip closure.,79.9,USD,2024-02-19T08:50:42.629521,jackets,MAN,3237.591527400392,5026
190238,Front of Store,no,Clothing,1,1917,Zara,https://www.zara.com/us/en/acid-wash-denim-jacket-p06688401.html,328279967-409-3,ACID WASH DENIM JACKET,Jacket made of cotton denim. Lapel collar and long sleeves with buttoned cuffs. Patch pockets at chest and side pockets at hip. Washed effect. Front zip closure.,89.9,USD,2024-02-19T08:50:43.067567,jackets,MAN,3810.9873661097663,5050
151925,End-cap,yes,Clothing,1,2179,Zara,https://www.zara.com/us/en/vintage-effect-leather-bomber-jacket-p02521300.html,320774184-800-97,VINTAGE EFFECT LEATHER BOMBER JACKET,Sin descripción disponible,299.0,USD,2024-02-19T08:50:43.543555,jackets,MAN,4538.891721350072,4954
163234,Front of Store,no,Clothing,0,1633,Zara,https://www.zara.com/us/en/textured-denim-jacket-limited-edition-p01538430.html,322972491-800-2,TEXTURED DENIM JACKET LIMITED EDITION,Lapel collar jacket with long sleeves with buttoned cuffs. Flap pockets at chest and welt pockets at hip. All over washed and uneven textured effect. Front button closure.,89.9,USD,2024-02-19T08:50:44.126726,jackets,MAN,3114.169453330158,5054
135610,Aisle,yes,Clothing,1,1513,Zara,https://www.zara.com/us/en/wool-blend-jacket-p09621448.html,321501682-800-2,WOOL BLEND JACKET,Jacket made of wool blend fabric. Lapel collar and long sleeves. Welt pockets at hip and interior pocket. Rib trim. Front zip closure.,109.0,USD,2024-02-19T08:50:45.034237,jackets,MAN,4150.319777020303,4974
117065,Aisle,yes,Clothing,1,758,Zara,https://www.zara.com/us/en/cotton---linen-blend-jacket-p00706103.html,328616906-712-2,COTTON - LINEN BLEND JACKET,Jacket made of cotton and linen blend fabric. Lapel collar and long sleeves with buttoned cuffs. Patch pocket at chest and side pockets at hip. Elastic hem. Front zip closure.,109.0,USD,2024-02-19T08:50:45.809524,jackets,MAN,1542.628532450611,4967
149315,End-cap,yes,Clothing,0,718,Zara,https://www.zara.com/us/en/fleece-bomber-jacket-p08281405.html,311292541-802-2,FLEECE BOMBER JACKET,Jacket made of faux shearling fabric. Rib elastic collar and long sleeves. Welt pockets at hip and interior pocket. Rib trim. Front zip closure.,109.0,USD,2024-02-19T08:50:46.259361,jackets,MAN,1379.5664669333091,5087
149510,Aisle,no,Clothing,1,1412,Zara,https://www.zara.com/us/en/zippered-jacket-p04087418.html,319205114-807-2,ZIPPERED JACKET,Lapel collar jacket with long sleeves. Front pouch pockets. Front zip closure.,59.9,USD,2024-02-19T08:50:47.254145,jackets,MAN,3267.43030412917,5054
137990,Aisle,no,Clothing,0,2929,Zara,https://www.zara.com/us/en/cotton-jacket-p00706301.html,276213846-500-2,COTTON JACKET,Lapel collar jacket with long sleeves with elastic cuffs. Patch pockets at hip. Elastic hem. Front snap button closure.,29.99,USD,2024-02-19T08:50:49.940814,jackets,MAN,5012.65058242662,4895
154016,End-cap,yes,Clothing,1,2366,Zara,https://www.zara.com/us/en/wool-blend-textured-jacket-p04296310.html,328244979-064-48,WOOL BLEND TEXTURED JACKET,Jacket made of wool blend fabric. Pointed lapel collar and long sleeves with buttoned cuffs. Welt pockets at chest and flap pockets at hip. Interior pocket. Back vents. Front double breasted button closure.,189.0,USD,2024-02-19T08:50:48.692260,jackets,MAN,6395.997084696086,5001
117751,Aisle,no,Clothing,0,2749,Zara,https://www.zara.com/us/en/contrast-jacquard-jacket-p04087423.html,323050745-798-97,CONTRAST JACQUARD JACKET,Full cut jacket with lapel collar and long sleeves. Front button closure.,89.9,USD,2024-02-19T08:50:51.200272,jackets,MAN,4430.909579213535,4963
182362,Front of Store,no,Clothing,0,2019,Zara,https://www.zara.com/us/en/cropped-overshirt-p04432403.html,319166635-401-2,CROPPED OVERSHIRT,Cropped overshirt made of contrast double faced fabric. Lapel collar and long sleeves with buttoned cuffs. Chest patch pocket. Adjustable hem with side elastics. Front button closure partially hidden by a flap.,69.9,USD,2024-02-19T08:50:51.711859,jackets,MAN,6017.287087494667,4977
117725,Aisle,no,Clothing,1,1506,Zara,https://www.zara.com/us/en/contrasting-patches-hooded-jacket-p03833400.html,311297489-800-2,CONTRASTING PATCHES HOODED JACKET,Varsity jacket with stretchy collar and contrasting hood. Long sleeves. Welt pockets at hip and interior pocket. Embroidered appliqué and contrast front and back patches. Rib trim. Front snap button closure.,109.0,USD,2024-02-19T08:50:52.206404,jackets,MAN,4003.500933841149,5111
145289,End-cap,no,Clothing,0,1012,Zara,https://www.zara.com/us/en/utility-pocket-jacket-p05520451.html,311292073-709-2,UTILITY POCKET JACKET,Cropped jacket. Lapel collar and long sleeves. Front utility pockets with zip closure. Washed effect. Elastic hem. Adjustable hem with side elastics. Front zip closure.,109.0,USD,2024-02-19T08:50:52.732112,jackets,MAN,1819.650404568874,4962
173576,End-cap,yes,Clothing,0,1838,Zara,https://www.zara.com/us/en/-p04310461.html,336378923-700-2,Producto Desconocido,Sin descripción disponible,129.0,USD,2024-02-19T08:50:54.476057,jackets,MAN,2772.224476909772,5161
175059,Aisle,yes,Clothing,0,2170,Zara,https://www.zara.com/us/en/lightweight-bomber-jacket-p04302404.html,311292572-401-2,LIGHTWEIGHT BOMBER JACKET,Lightweight jacket made of technical fabric. Round neck and long sleeves. Welt pockets at hip. Interior pocket. Rib trim. Front zip closure.,49.9,USD,2024-02-19T08:50:54.927480,jackets,MAN,5909.326949620485,5027
199368,Front of Store,no,Clothing,1,1061,Zara,https://www.zara.com/us/en/wool-blend-jacket-p05854654.html,336821611-706-2,WOOL BLEND JACKET,Lapel collar jacket with long sleeves with buttoned cuffs. Chest patch pockets and welt pockets at hip. Front button closure.,139.0,USD,2024-02-19T08:50:55.455689,jackets,MAN,2716.4634627334826,4957
162883,Front of Store,yes,Clothing,0,786,Zara,https://www.zara.com/us/en/technical-padded-jacket-p06518501.html,311307584-518-2,TECHNICAL PADDED JACKET,Jacket made of technical fabric with padded interior. High collar with foldable interior hood. Long sleeves with interior rib cuffs. Front pockets with hidden zip closure and interior pocket detail. Adjustable hem with side elastics. Front zip hidden by a snap button flap.,139.0,USD,2024-02-19T08:50:55.898064,jackets,MAN,2038.499451120324,5036
135490,Front of Store,no,Clothing,0,1094,Zara,https://www.zara.com/us/en/mixed-collar-waxed-jacket-p06861405.html,321151893-609-2,MIXED COLLAR WAXED JACKET,Jacket made of waxed finish fabric with lightly padded interior. Contrast fabric lapel collar. Long sleeves. Patch pockets at hip. Interior pocket. Slightly cropped length. Front hidden zip and button closure.,139.0,USD,2024-02-19T08:50:56.349784,jackets,MAN,2906.654638911637,5065
125408,End-cap,yes,Clothing,1,2220,Zara,https://www.zara.com/us/en/contrasting-patches-bomber-jacket-p03833401.html,311297509-800-2,CONTRASTING PATCHES BOMBER JACKET,Varsity jacket with elastic collar and long sleeves. Welt pockets at hip and interior pocket. Embroidered appliqué and contrast front and back patches. Rib trim. Front snap button closure.,89.9,USD,2024-02-19T08:50:56.784017,jackets,MAN,3576.5686902745206,4887
134763,Front of Store,no,Clothing,1,2048,Zara,https://www.zara.com/us/en/padded-bomber-jacket-p03918620.html,315947178-800-2,PADDED BOMBER JACKET,Quilted jacket made of technical fabric. Lapel collar and long sleeves. Welt pockets at hip. Rib trim. Front zip closure.,89.9,USD,2024-02-19T08:50:57.586300,jackets,MAN,4173.206718088006,4853
143231,Aisle,no,Clothing,0,2578,Zara,https://www.zara.com/us/en/technical-padded-jacket-p03833311.html,311297745-800-2,TECHNICAL PADDED JACKET,Jacket made of technical fabric with padded interior. Lapel collar and long sleeves with elastic cuffs. Welt pockets at hip and interior pocket. Adjustable drawstring hem. Front snap button closure.,89.9,USD,2024-02-19T08:50:58.065096,jackets,MAN,4315.065653183677,4988
125409,End-cap,yes,Clothing,0,2040,Zara,https://www.zara.com/us/en/pocket-denim-jacket-p00840482.html,330290360-427-3,POCKET DENIM JACKET,Slightly cropped denim jacket. Lapel collar and long sleeves with buttoned cuffs. Flap patch pocket at chest and side hip. Washed effect. Front button closure.,89.9,USD,2024-02-19T08:50:58.577931,jackets,MAN,5701.096483179316,4969
183074,Aisle,no,Clothing,0,2791,Zara,https://www.zara.com/us/en/boxy-fit-denim-jacket-p00840402.html,320449897-427-2,BOXY FIT DENIM JACKET,Boxy fit jacket. Lapel collar and long sleeves with buttoned cuffs. Patch pockets at hip. Washed effect.Asymmetric hem with side vents. Front button closure.,89.9,USD,2024-02-19T08:50:59.005564,jackets,MAN,6795.93760796357,4914
147947,Aisle,yes,Clothing,1,1249,Zara,https://www.zara.com/us/en/faux-shearling-plaid-jacket-p00993305.html,311297724-700-97,FAUX SHEARLING PLAID JACKET,Jacket made of faux shearling fabric. V-neckline and long sleeves with elastic cuffs. Lined interior with structured mesh fabric. Welt pockets at hip. Adjustable hem with side elastics. Front snap button closure.,89.9,USD,2024-02-19T08:50:59.512967,jackets,MAN,2493.4374495614384,5024
174171,Front of Store,yes,Clothing,1,2273,Zara,https://www.zara.com/us/en/embroidered-forest-jacket-p02795407.html,328332050-700-97,EMBROIDERED FOREST JACKET,Jacket with lightly padded interior. Corduroy lapel collar. Long sleeves. Patch pockets at hip. Front button closure.,89.9,USD,2024-02-19T08:50:59.919169,jackets,MAN,3626.2021953001977,4882
183064,Front of Store,yes,Clothing,0,1773,Zara,https://www.zara.com/us/en/pocket-overshirt-p05070605.html,311282469-505-2,POCKET OVERSHIRT,Cropped overshirt. Lapel collar and long sleeves with buttoned cuffs. Front patch pockets. Irregular finished seams. Front button closure.,89.9,USD,2024-02-19T08:51:00.445955,jackets,MAN,3486.5574846028035,4871
177131,Aisle,yes,Clothing,1,1733,Zara,https://www.zara.com/us/en/boucle-textured-vest-p01437303.html,319502128-515-2,BOUCLE TEXTURED VEST,Vest made of viscose and wool blend fabric. V-neckline. Patch pockets at hip. Front zip closure.,69.9,USD,2024-02-19T08:51:00.909778,jackets,MAN,3444.814045608529,5043
128179,End-cap,yes,Clothing,0,2060,Zara,https://www.zara.com/us/en/color-block-puffer-jacket-p08281365.html,311287226-472-2,COLOR BLOCK PUFFER JACKET,Jacket made of technical fabric with padded interior. High collar and long sleeves with elastic cuffs. Front pockets with hidden zip closure. Elastic hem. Front zip closure.,89.9,USD,2024-02-19T08:51:03.376537,jackets,MAN,5344.483091064618,4974
152723,Aisle,no,Clothing,1,2849,Zara,https://www.zara.com/us/en/longline-quilted-jacket-p05071688.html,316683359-818-2,LONGLINE QUILTED JACKET,Parka made of technical fabric with padded interior. High collar with removable hood. Long sleeves with interior elastic cuffs. Welt pockets at chest and flap pockets at hip. Interior pocket. Adjustable interior waistband with drawstring. Adjustable hem with side elastics. Front zip hidden by a snap button flap.,169.0,USD,2024-02-19T08:51:03.976837,jackets,MAN,6998.101853836503,4975
123824,Aisle,yes,Clothing,0,2277,Zara,https://www.zara.com/us/en/wool-blend-suit-jacket-p04156504.html,322901350-800-46,WOOL BLEND SUIT JACKET,Straight fit jacket made of wool blend fabric. Notched lapel collar and long sleeves with buttoned cuffs. Welt pockets at chest and flap pockets at hip. Interior pocket. Central vent at back hem. Front button closure.,169.0,USD,2024-02-19T08:51:04.381493,jackets,MAN,6445.775122269443,5061
166345,Aisle,no,Clothing,1,1135,Zara,https://www.zara.com/us/en/hooded-knit-cardigan-p02621407.html,322929313-802-97,HOODED KNIT CARDIGAN,Cotton knit jacket. Hooded collar and long sleeves. Rib trim. Front pouch pockets. Rib trim. Front zip closure.,69.9,USD,2024-02-19T08:51:04.832708,jackets,MAN,2506.4459100882186,4985
199279,Aisle,no,Clothing,0,1770,Zara,https://www.zara.com/us/en/hooded-technical-jacket-p01538301.html,267186163-643-2,HOODED TECHNICAL JACKET,Jacket made of technical fabric with brushed interior. High collar with adjustable hood. Long sleeves with cuffs and adhesive straps. Zip pockets at chest and hip. Front zip closure.,19.99,USD,2024-02-19T08:51:05.301146,jackets,MAN,2972.522722966191,4899
167981,End-cap,no,Clothing,0,730,Zara,https://www.zara.com/us/en/houndstooth-suit-jacket-p04285498.html,329706743-401-46,HOUNDSTOOTH SUIT JACKET,Straight fit blazer. Notched lapel collar and long sleeves with buttoned cuffs. Welt pocket at chest and flap pockets at hip. Interior pocket. Back vents. Front button closure.,139.0,USD,2024-02-19T08:51:05.729975,jackets,MAN,1876.0030420091796,4851
146839,Aisle,no,Clothing,0,1525,Zara,https://www.zara.com/us/en/bomber-jacket-p05344402.html,321496813-710-2,BOMBER JACKET,Jacket with padded interior. Rib elastic collar and long sleeves. Flap pockets at hip and interior pocket. Rib trim. Front zip closure.,109.0,USD,2024-02-19T08:51:06.241653,jackets,MAN,4027.795798711153,4902
187180,Front of Store,no,Clothing,1,647,Zara,https://www.zara.com/us/en/hooded-technical-jacket-p00155502.html,312596416-800-2,HOODED TECHNICAL JACKET,Cropped jacket made of technical fabric. Hooded high collar and long sleeves with adjustable snap button cuffs. Front patch pockets with flaps at hips. Adjustable hem with side elastics. Front zip hidden by a snap button flap.,109.0,USD,2024-02-19T08:51:06.707251,jackets,MAN,1515.2195202411958,5053
167640,End-cap,yes,Clothing,1,1017,Zara,https://www.zara.com/us/en/hooded-technical-jacket-p08281355.html,311287132-251-2,HOODED TECHNICAL JACKET,Jacket made of technical fabric. High collar with adjustable drawstring hood. Long sleeves with rib cuffs. Chest welt pocket and hip patch pockets. Interior pocket. Adjustable hem with elastics at sides. Front zip hidden by a snap button flap.,109.0,USD,2024-02-19T08:51:07.123755,jackets,MAN,2701.6104330206826,5191
165158,Front of Store,no,Clothing,0,1622,Zara,https://www.zara.com/us/en/washed-effect-bomber-jacket-p08281307.html,323675323-700-2,WASHED EFFECT BOMBER JACKET,Jacket made of technical fabric. Lapel collar and long sleeves with pocket detail. Welt pockets at hip and interior pocket. Washed effect. Elasticized trim. Front zip hidden by a snap button flap.,109.0,USD,2024-02-19T08:51:07.574182,jackets,MAN,3634.4046859545624,4955
111521,Front of Store,yes,Clothing,1,2553,Zara,https://www.zara.com/us/en/washed-technical-jacket-p04695300.html,323672371-507-2,WASHED TECHNICAL JACKET,Jacket made of technical fabric. High collar and long sleeves with adjustable cuffs with snap button straps. Flap patch pockets at hip. Adjustable drawstring hem. Washed effect. Front zip hidden by a snap button flap.,99.9,USD,2024-02-19T08:51:08.034717,jackets,MAN,5831.305370118346,5005
120228,End-cap,no,Clothing,0,2347,Zara,https://www.zara.com/us/en/100-feather-fill-puffer-jacket-p00155480.html,327116625-505-2,100% FEATHER FILL PUFFER JACKET,Puffer vest made of technical fabric. Fill is a blend of 60% down and 40% feather. Sleeveless design with high collar. Zip pockets at hip and interior pocket. Adjustable hem with side elastics. Front snap button closure.,89.9,USD,2024-02-19T08:51:09.075286,jackets,MAN,5025.658155131274,4872
133078,Aisle,no,Clothing,1,2535,Zara,https://www.zara.com/us/en/padded-bomber-jacket-p03918400.html,311302424-409-2,PADDED BOMBER JACKET,Jacket made of technical fabric with lightly padded interior. Rib elastic collar and long sleeves. Zip pockets at hip. Elastic hem. Front zip closure.,69.9,USD,2024-02-19T08:51:09.691591,jackets,MAN,3899.156229444422,5026
137598,Aisle,no,Clothing,1,2839,Zara,https://www.zara.com/us/en/pocket-jacket-p04297266.html,329158644-605-2,POCKET JACKET,Regular fit jacket with lapel collar and long sleeves. Patch pockets at chest and hip. Front button closure.,139.0,USD,2024-02-19T08:51:16.093596,jackets,MAN,4717.955641850987,4991
138779,Front of Store,yes,Clothing,1,2801,Zara,https://www.zara.com/us/en/slim-fit-suit-jacket-p04239493.html,329300083-705-48,SLIM FIT SUIT JACKET,Slim fit jacket made of viscose blend fabric. Notched lapel collar. Long sleeves with buttoned cuffs. Welt pocket at chest and flap pockets at hip. Interior pocket. Back vents. Front button closure.,139.0,USD,2024-02-19T08:51:16.538826,jackets,MAN,4333.549723662814,5017
198329,Front of Store,yes,Clothing,1,628,Zara,https://www.zara.com/us/en/mixed-collar-jacket-p03046507.html,323212374-510-2,MIXED COLLAR JACKET,Jacket made of technical fabric with lightly padded interior. Rib high collar. Long sleeves with elastic cuffs. Patch pockets at hip. Front zip closure.,109.0,USD,2024-02-19T08:51:16.995121,jackets,MAN,1541.498607410481,4830
110295,End-cap,yes,Clothing,0,1448,Zara,https://www.zara.com/us/en/hooded-denim-jacket-p01538428.html,322547863-811-2,HOODED DENIM JACKET,Boxy fit jacket. High collar with adjustable hood and long sleeves with buttoned cuffs. Patch pockets with flaps at chest. Front straps with multi-functional ring. Washed effect. Front hidden zip and snap button closure.,129.0,USD,2024-02-19T08:51:17.402321,jackets,MAN,2854.7811908977815,4991
196427,Aisle,yes,Clothing,0,1401,Zara,https://www.zara.com/us/en/waxed-effect-plaid-jacket-p04272302.html,320600266-745-2,WAXED EFFECT PLAID JACKET,Cropped jacket made of cotton with waxed finish. Lapel collar and long adjustable cuffed sleeves. Welt pockets at hip and interior pocket. Adjustable front drawcord hem. Front zip closure.,169.0,USD,2024-02-19T08:51:17.903438,jackets,MAN,3170.2613074826227,4953
110075,Front of Store,yes,Clothing,1,2185,Zara,https://www.zara.com/us/en/wool-blend-felt-texture-jacket-p04160752.html,320771732-800-2,WOOL BLEND FELT TEXTURE JACKET,Cropped jacket made with wool blend fabric. Lapel collar and long sleeves. Welt pockets at hip. Front hidden button closure.,159.0,USD,2024-02-19T08:51:18.383516,jackets,MAN,6252.049118292769,4993
132322,Front of Store,yes,Clothing,0,2135,Zara,https://www.zara.com/us/en/printed-denim-overshirt-p02553808.html,289179723-020-2,PRINTED DENIM OVERSHIRT,Boxy fit overshirt. Lapel collar and short sleeves. Front snap button closure.,12.99,USD,2024-02-19T08:51:30.601748,jackets,MAN,4000.858363849272,5017
199631,Front of Store,yes,Clothing,0,1269,Zara,https://www.zara.com/us/en/structured-twill-overshirt-p06861430.html,327747299-800-2,STRUCTURED TWILL OVERSHIRT,Regular fit overshirt made of 22% wool fabric. Lapel collar and long sleeves with buttoned cuffs. Patch pocket at chest and side pockets at hip. Side vents at hem. Front button closure.,89.9,USD,2024-02-19T08:51:31.586576,jackets,MAN,2684.6638939983213,5041
182306,Front of Store,no,Clothing,0,2805,Zara,https://www.zara.com/us/en/cotton-overshirt-p09621103.html,317782501-701-2,COTTON OVERSHIRT,Relaxed fit overshirt made with cotton fabric. Lapel collar and long sleeves with buttoned cuffs. Flap patch pockets at chest and side hip pockets. Front button closure.,89.9,USD,2024-02-19T08:51:32.152112,jackets,MAN,7386.4814154198775,4960
194915,Aisle,yes,Clothing,0,1796,Zara,https://www.zara.com/us/en/reversible-plaid-overshirt-p09621301.html,311282298-099-2,REVERSIBLE PLAID OVERSHIRT,Relaxed fit reversible overshirt. Italian collar and long sleeves with buttoned cuffs. Chest patch pocket. Front button closure.,79.9,USD,2024-02-19T08:51:32.570179,jackets,MAN,3310.382257834431,5038
131298,End-cap,yes,Clothing,0,2133,Zara,https://www.zara.com/us/en/plaid-overshirt-p01300100.html,322612356-505-2,PLAID OVERSHIRT,Relaxed fit overshirt made with cotton fabric. Lapel collar and long sleeves with buttoned cuffs. Patch pockets at hip. Washed effect. Front button closure.,69.9,USD,2024-02-19T08:51:33.175357,jackets,MAN,3445.7972214972233,5114
168571,Aisle,no,Clothing,0,1778,Zara,https://www.zara.com/us/en/pocket-overshirt-p00706621.html,311282631-712-2,POCKET OVERSHIRT,Relaxed fit overshirt. Lapel collar and long sleeves with adjustable button cuffs. Welt pockets at hip. Front zip hidden by a snap button flap.,89.9,USD,2024-02-19T08:51:33.607793,jackets,MAN,3439.7671249210193,5160
154224,End-cap,yes,Clothing,0,2474,Zara,https://www.zara.com/us/en/100-linen-overshirt-p04224708.html,329282612-401-2,100% LINEN OVERSHIRT,Relaxed fit overshirt made of linen fabric. Lapel collar and long sleeves with buttoned cuffs. Chest patch pockets. Front button closure.,89.9,USD,2024-02-19T08:51:34.039876,jackets,MAN,4309.2921969996105,5023
171061,Aisle,no,Clothing,1,2032,Zara,https://www.zara.com/us/en/plaid-overshirt-p08281303.html,320026789-714-2,PLAID OVERSHIRT,Relaxed fit overshirt made of viscose blend fabric. Lapel collar and long sleeves with buttoned cuffs. Chest patch pocket. Front button closure.,59.9,USD,2024-02-19T08:51:34.443542,jackets,MAN,5881.718444340163,5134
119049,Aisle,no,Clothing,1,1659,Zara,https://www.zara.com/us/en/pocket-denim-overshirt-p01472403.html,323216360-406-2,POCKET DENIM OVERSHIRT,Boxy fit overshirt. Lapel collar and long sleeves with buttoned cuffs. Chest patch pockets. Washed effect. Front button closure.,89.9,USD,2024-02-19T08:51:35.399786,jackets,MAN,4499.507564546052,4830
158781,End-cap,yes,Clothing,1,2443,Zara,https://www.zara.com/us/en/faux-suede-overshirt-p03715303.html,318209963-800-2,FAUX SUEDE OVERSHIRT,Relaxed fit overshirt. Lapel collar and long sleeves. Chest patch pocket. Front snap button closure.,69.9,USD,2024-02-19T08:51:35.881086,jackets,MAN,5985.608065732447,4975
151438,Aisle,no,Clothing,1,1137,Zara,https://www.zara.com/us/en/plaid-overshirt-p00794432.html,316727555-700-2,PLAID OVERSHIRT,Regular fit overshirt. Lapel collar and long sleeves with buttoned cuffs. Front zip closure.,69.9,USD,2024-02-19T08:51:36.352963,jackets,MAN,3191.7760365651525,5019
152871,End-cap,no,Clothing,1,1847,Zara,https://www.zara.com/us/en/textured-pocket-overshirt-p01934436.html,312571093-710-2,TEXTURED POCKET OVERSHIRT,Overshirt made of diagonal textured cotton fabric. Lapel collar and long sleeves with buttoned cuffs. Patch pockets at hip. Front button closure.,69.9,USD,2024-02-19T08:51:36.786369,jackets,MAN,4997.0734890489975,5079
126806,End-cap,yes,Clothing,1,2404,Zara,https://www.zara.com/us/en/pocket-overshirt-p04466468.html,330290387-401-2,POCKET OVERSHIRT,Relaxed fit overshirt made of 25% wool fabric. Lapel collar and long sleeves with buttoned cuffs. Patch pocket at chest and side pockets at hip. Front button closure.,109.0,USD,2024-02-19T08:51:37.296998,jackets,MAN,4278.771632343045,4983
134104,End-cap,no,Clothing,1,1466,Zara,https://www.zara.com/us/en/overshirt-p00706623.html,313027279-800-2,OVERSHIRT,Relaxed fit overshirt made of stretch fabric. Lapel collar and long sleeves with buttoned cuffs. Chest patch pocket. Front button closure.,59.9,USD,2024-02-19T08:51:37.741280,jackets,MAN,4161.737237679461,5083
120266,Front of Store,no,Clothing,0,2328,Zara,https://www.zara.com/us/en/plaid-overshirt-p04266381.html,320671529-802-2,PLAID OVERSHIRT,Cropped overshirt. Lapel collar and long sleeves with buttoned cuffs. Chest patch pocket. Irregular trim. Front button closure.,59.9,USD,2024-02-19T08:51:38.232540,jackets,MAN,5375.3831087694525,4990
173550,End-cap,no,Clothing,1,1431,Zara,https://www.zara.com/us/en/pocket-overshirt-p05070314.html,323646471-802-2,POCKET OVERSHIRT,Overshirt with lapel collar and long sleeves with buttoned cuffs. Chest patch pocket. Front button closure.,59.9,USD,2024-02-19T08:51:38.734215,jackets,MAN,3879.6702930596603,5169
175927,End-cap,no,Clothing,1,1506,Zara,https://www.zara.com/us/en/zippered-wool-blend-overshirt-p05854401.html,312978838-611-2,ZIPPERED WOOL BLEND OVERSHIRT,Relaxed fit overshirt made of wool blend fabric. Lapel collar and long sleeves with buttoned cuffs. Welt pockets at hip. Front zip closure.,109.0,USD,2024-02-19T08:51:39.179120,jackets,MAN,4283.2702465271705,4941
154278,End-cap,no,Clothing,1,2749,Zara,https://www.zara.com/us/en/geometric-jacquard-overshirt-p04196412.html,336446858-822-2,GEOMETRIC JACQUARD OVERSHIRT,Relaxed fit overshirt made with cotton fabric. Lapel collar and long sleeves with buttoned cuffs. Welt pockets at hip. Front button closure.,89.9,USD,2024-02-19T08:51:39.644283,jackets,MAN,5434.787329046481,5024
183537,Front of Store,yes,Clothing,1,2434,Zara,https://www.zara.com/us/en/paint-print-overshirt-p05320305.html,281883711-071-2,PAINT PRINT OVERSHIRT,Relaxed fit overshirt. Lapel collar and long sleeves with snap button cuffs. Chest patch pockets. Side vents at hem. Front snap button closure.,19.99,USD,2024-02-19T08:51:40.120546,jackets,MAN,4052.7995764505476,4900
150424,Front of Store,no,Clothing,1,2067,Zara,https://www.zara.com/us/en/padded-corduroy-overshirt-p01063400.html,313008692-514-2,PADDED CORDUROY OVERSHIRT,Overshirt with quilted interior. Lapel collar and long sleeves with buttoned cuffs. Flap patch pockets at chest and in-seam pockets at side hip. Front snap button closure.,79.9,USD,2024-02-19T08:51:40.636181,jackets,MAN,3807.21297146129,5004
183825,Aisle,yes,Clothing,1,2989,Zara,https://www.zara.com/us/en/plaid-tie-dye-overshirt-p01063313.html,281593208-015-2,PLAID TIE DYE OVERSHIRT,Regular fit overshirt made of cotton. Lapel collar and long sleeves with buttoned cuffs. Chest patch pockets. Front button closure.,19.99,USD,2024-02-19T08:51:41.127759,jackets,MAN,6398.437770305821,5004
144012,Front of Store,yes,Clothing,0,743,Zara,https://www.zara.com/us/en/overshirt-with-contrasting-topstitching-p06917325.html,314937772-710-2,OVERSHIRT WITH CONTRASTING TOPSTITCHING,Relaxed fit overshirt made with cotton fabric. Lapel collar and long sleeves with buttoned cuffs. Chest patch pocket. Contrasting topstitching all over the garment. Front button closure.,59.9,USD,2024-02-19T08:51:41.683535,jackets,MAN,2026.1774566206186,5010
147051,Front of Store,no,Clothing,0,2325,Zara,https://www.zara.com/us/en/quilted-structured-overshirt-p09621370.html,320278659-251-2,QUILTED STRUCTURED OVERSHIRT,Regular fit overshirt with quilted interior. Lapel collar and long sleeves with buttoned cuffs. Patch pockets at chest and welt pockets at hip. Front button closure.,109.0,USD,2024-02-19T08:51:42.158903,jackets,MAN,6489.297909106498,5095
185800,End-cap,no,Clothing,1,1841,Zara,https://www.zara.com/us/en/technical-overshirt-p05320500.html,321993245-500-2,TECHNICAL OVERSHIRT,Regular fit overshirt with lightly padded interior. Lapel collar and long sleeves with buttoned cuffs. Flap pockets at hip. Front button closure.,109.0,USD,2024-02-19T08:51:42.644399,jackets,MAN,2780.6983084618832,4910
197524,Aisle,yes,Clothing,1,2231,Zara,https://www.zara.com/us/en/plaid-overshirt-p07446410.html,330590505-500-2,PLAID OVERSHIRT,Relaxed fit overshirt. Lapel collar and long sleeves with buttoned cuffs. Chest patch pocket. Front button closure.,49.9,USD,2024-02-19T08:51:43.194626,jackets,MAN,5055.7158480758235,5055
148823,Aisle,no,Clothing,1,2211,Zara,https://www.zara.com/us/en/suede-fisherman-sandals-p12436320.html,320680326-107-39,SUEDE FISHERMAN SANDALS,Fisherman sandals. Made of leather with a suede finish. Crossed straps at front. Buckled ankle strap closure. Slightly chunky soles.,89.9,USD,2024-02-19T09:00:28.426225,shoes,MAN,4700.843591942926,5043
114550,End-cap,no,Clothing,0,2114,Zara,https://www.zara.com/us/en/zipper-multipiece-sneakers-p12319220.html,311292244-800-39,ZIPPER MULTIPIECE SNEAKERS,Running shoes. Upper in a combination of pieces and finishes. Front zip closure. Back pull tab for ease. Chunky soles with irregular design.,69.9,USD,2024-02-19T09:00:29.045781,shoes,MAN,3875.3038670026854,4911
125398,Aisle,yes,Clothing,1,1350,Zara,https://www.zara.com/us/en/suede-laceless-sneakers-p12221320.html,311307610-400-39,SUEDE LACELESS SNEAKERS,Slip on sneakers. Made of leather with a suede finish. Upper in a combination of pieces. Chunky sole.,69.9,USD,2024-02-19T09:00:30.065752,shoes,MAN,2267.7273688507075,4969
123985,End-cap,no,Clothing,0,2240,Zara,https://www.zara.com/us/en/multicolor-sneakers-p12304320.html,311302877-203-39,MULTICOLOR SNEAKERS,Sneakers. Combination of colors and pieces at upper. Lacing with six pairs of eyelets. Chunky rubber sole with irregular design.,69.9,USD,2024-02-19T09:00:30.885861,shoes,MAN,4494.38697591619,4978
186638,End-cap,yes,Clothing,0,1296,Zara,https://www.zara.com/us/en/retro-running-sneakers-p12350320.html,311302598-500-39,RETRO RUNNING SNEAKERS,Running shoes. Upper in a combination of pieces and materials. Lacing with seven pairs of eyelets. Chunky lug soles. Retro-inspired design.,59.9,USD,2024-02-19T09:00:31.417902,shoes,MAN,3777.016464405937,5110
167281,End-cap,yes,Clothing,1,892,Zara,https://www.zara.com/us/en/suede-high-tops-p12120320.html,311297328-800-39,SUEDE HIGH-TOPS,High top sneakers. Upper in a combination of pieces and materials. Lacing with seven pairs of eyelets. Chunky tonal sole.,59.9,USD,2024-02-19T09:00:32.028826,shoes,MAN,1770.4455230437707,5003
118578,End-cap,no,Clothing,1,1678,Zara,https://www.zara.com/us/en/suede-strap-sandals-p12707320.html,311302865-804-39,SUEDE STRAP SANDALS,Sandals. Made of leather with a suede finish. Two crossed wide straps at instep. Thick lightweight soles.,49.9,USD,2024-02-19T09:00:32.665359,shoes,MAN,3822.795994928052,4979
174041,End-cap,no,Clothing,0,2016,Zara,https://www.zara.com/us/en/multipiece-sneakers-p12215320.html,311307489-203-39,MULTIPIECE SNEAKERS,Sneakers. Upper in a combination of pieces and colors. Lacing with seven pairs of eyelets. Chunky sole with a combination of colors. Retro-inspired design.,49.9,USD,2024-02-19T09:00:33.381812,shoes,MAN,5149.929331699018,4915
127644,Front of Store,no,Clothing,1,1498,Zara,https://www.zara.com/us/en/topstitch-sneakers-p12240320.html,311287075-120-39,TOPSTITCH SNEAKERS,Sneakers. Pieces and topstitching at upper. Lacing with six pairs of eyelets. Contrasting slightly chunky soles.,45.9,USD,2024-02-19T09:00:34.017423,shoes,MAN,3064.0757165462733,4998
132007,Aisle,no,Clothing,1,2491,Zara,https://www.zara.com/us/en/retro-sneakers-p12280220.html,276378605-515-39,RETRO SNEAKERS,Sneakers. Upper in a combination of pieces and materials. Lacing with seven pairs of eyelets. Quilted back piece. Chunky sole. Retro style.,9.99,USD,2024-02-19T09:00:34.990048,shoes,MAN,7367.5637520868695,4992
147998,Aisle,no,Clothing,0,2556,Zara,https://www.zara.com/us/en/retro-high-top-sneakers-p12180220.html,277776476-700-39,RETRO HIGH TOP SNEAKERS,High-top sneakers. Upper in a combination of pieces. Laces with ten pairs of eyelets. Chunky sole.,9.99,USD,2024-02-19T09:00:36.249339,shoes,MAN,7524.022928808055,4998
176666,Aisle,yes,Clothing,0,2852,Zara,https://www.zara.com/us/en/multi-pieced-retro-sneakers-p12220320.html,313381662-202-39,MULTI-PIECED RETRO SNEAKERS,Sneakers. Upper in a combination of pieces and colors. Lacing with six pairs of eyelets. Textured chunky soles. Retro style.,45.9,USD,2024-02-19T09:00:37.077290,shoes,MAN,5355.124661540908,5027
193686,Aisle,yes,Clothing,0,1899,Zara,https://www.zara.com/us/en/tassel-leather-loafers-p12609320.html,311292343-700-39,TASSEL LEATHER LOAFERS,Loafers. Made of leather. Smooth upper with ruching at toe. Decorative fringed tassels at instep. Rounded shape. Welt around upper. Chunky lug soles.,99.9,USD,2024-02-19T09:00:37.630307,shoes,MAN,4264.9123690344595,4874
163610,Front of Store,yes,Clothing,0,2466,Zara,https://www.zara.com/us/en/moc-toe-suede-boots-p12015320.html,311309627-805-39,MOC-TOE SUEDE BOOTS,Suede leather boots. Ridged seam detail at upper. Lacing with two pairs of eyelets. Welt around upper. Slightly chunky sole.,89.9,USD,2024-02-19T09:00:38.631330,shoes,MAN,4811.948868012231,4907
170364,Aisle,no,Clothing,0,818,Zara,https://www.zara.com/us/en/strap-sandals-p12765320.html,315851805-800-39,STRAP SANDALS,Sandals with two straps. The thin straps hug the instep. Slightly chunky sole.,45.9,USD,2024-02-19T09:00:39.391693,shoes,MAN,1576.4992866011526,4912
167599,Aisle,no,Clothing,0,1500,Zara,https://www.zara.com/us/en/suede-retro-sneakers-p12309320.html,311292644-400-39,SUEDE RETRO SNEAKERS,Sneakers. Made of leather. Combination of finishes and materials at upper. Lacing with seven pairs of eyelets. Chunky sole in a combination of colors. Retro-inspired design.,59.9,USD,2024-02-19T09:00:40.449320,shoes,MAN,2332.995631547699,4927
166421,End-cap,yes,Clothing,0,2878,Zara,https://www.zara.com/us/en/hiking-boots-p12103320.html,311302552-800-39,HIKING BOOTS,Lace-up boots. Upper in a combination of pieces and finishes. Laces with metal appliqués and seven pairs of eyelets. Welt detail around upper. Rounded shape. Chunky lug soles.,79.9,USD,2024-02-19T09:00:41.705006,shoes,MAN,6948.489229791215,5105
129247,Front of Store,yes,Clothing,0,2386,Zara,https://www.zara.com/us/en/suede-sneakers-p12502320.html,311302532-102-39,SUEDE SNEAKERS,Sneakers. Made of leather with a suede finish. Laces with five pairs of eyelets. Chunky soles.,69.9,USD,2024-02-19T09:00:42.376148,shoes,MAN,5378.088224136095,5035
127314,End-cap,yes,Clothing,1,2076,Zara,https://www.zara.com/us/en/faux-shearling-lined-suede-boots-p12050320.html,311287147-723-39,FAUX SHEARLING LINED SUEDE BOOTS,Ankle boots. Made of leather with a suede finish. Faux shearling interior and side detail. Rounded shape. Welt around upper. Back pull tab. Chunky lug soles.,99.9,USD,2024-02-19T09:00:43.146819,shoes,MAN,3274.304831392467,4930
111979,Front of Store,no,Clothing,0,2734,Zara,https://www.zara.com/us/en/chunky-sole-multipiece-sneakers-p12266220.html,311307332-202-39,CHUNKY SNEAKERS,Sneakers. Upper in a combination of pieces and textures. Shoelaces with six pairs of eyelets at different heights. Chunky irregular design soles. Retro-inspired design.,59.9,USD,2024-02-19T09:00:43.580910,shoes,MAN,5243.729149834343,4923
120354,Aisle,yes,Clothing,0,2836,Zara,https://www.zara.com/us/en/double-strap-suede-sandals-p12716320.html,311282293-131-39,DOUBLE STRAP SUEDE SANDALS,Sandals. Made of leather with a suede finish. Two wide straps at instep with buckles. Insole with anatomical shaped footbed. Welt around upper. Chunky lug soles.,59.9,USD,2024-02-19T09:00:44.494819,shoes,MAN,8117.763078902144,4926
144848,Front of Store,no,Clothing,0,2193,Zara,https://www.zara.com/us/en/chunky-sole-canvas-lace-up-boots-p12005320.html,311287149-800-39,CHUNKY SOLE CANVAS LACE-UP BOOTS,High shaft boots. Lacing with eight pairs of eyelets. Back pull tab for ease. Rounded shape. Chunky lug soles.,89.9,USD,2024-02-19T09:00:45.935135,shoes,MAN,4077.5388393490057,4904
111957,Aisle,yes,Clothing,0,2164,Zara,https://www.zara.com/us/en/suede-penny-loafers-p12644320.html,311307624-500-39,SUEDE PENNY LOAFERS,Loafers. Made of leather with a suede finish. Ornamental saddle detail at instep. Rounded shape. Contrasting colored sole.,89.9,USD,2024-02-19T09:00:46.629270,shoes,MAN,3716.3287548081103,4935
160763,Front of Store,yes,Clothing,1,991,Zara,https://www.zara.com/us/en/adherent-stripes-sneakers-p12269320.html,311282212-800-39,ADHERENT STRIPES SNEAKERS,Sneakers. Monochromatic. Upper in a combination of pieces. Closure with three adhesive straps. Slightly chunky sole.,45.9,USD,2024-02-19T09:00:47.161331,shoes,MAN,2214.0715281525972,5001
168270,End-cap,yes,Clothing,1,1525,Zara,https://www.zara.com/us/en/multipiece-sneakers-p12318220.html,311292281-203-39,MULTIPIECE SNEAKERS,Running shoes. Upper in a combination of pieces and finishes. Lacing with six pairs of eyelets. Chunky soles with irregular design. Lug soles. Trek style.,69.9,USD,2024-02-19T09:00:47.683414,shoes,MAN,4542.175413777999,5026
195082,Front of Store,no,Clothing,0,923,Zara,https://www.zara.com/us/en/chunky-sole-high-top-sneakers-p12104320.html,311302515-800-39,CHUNKY SOLE HIGH TOP SNEAKERS,High top sneakers. Lacing with nine pairs of eyelets. Contrasting foxing around the upper. Chunky rubberized soles.,69.9,USD,2024-02-19T09:00:48.234772,shoes,MAN,1719.6255234076723,5093
110329,Front of Store,no,Clothing,1,2397,Zara,https://www.zara.com/us/en/contrast-sole-leather-sneakers-p12510320.html,314937773-800-39,CONTRAST SOLE LEATHER SNEAKERS,Sneakers. Made of leather. Upper in a combination of pieces and finishes. Lacing with six pairs of eyelets. Rounded shape. Chunky sole.,69.9,USD,2024-02-19T09:00:48.858592,shoes,MAN,6012.163360697836,4858
147449,End-cap,no,Clothing,0,1191,Zara,https://www.zara.com/us/en/suede-running-sneakers-p12320320.html,316608794-802-39,SUEDE RUNNING SNEAKERS,Running shoes. Made of suede leather. Upper in a combination of materials and colors. Lacing with six pairs of eyelets. Chunky soles with irregular design.,69.9,USD,2024-02-19T09:00:49.398791,shoes,MAN,3147.133442784754,5069
193332,Aisle,yes,Clothing,0,1237,Zara,https://www.zara.com/us/en/woven-leather-slides-p12708320.html,319205037-800-39,WOVEN LEATHER SLIDES,Sandals. Made of leather. Three woven wide straps at instep. Chunky sole.,49.9,USD,2024-02-19T09:00:49.884546,shoes,MAN,2296.4364628778976,4928
146804,Aisle,yes,Clothing,0,1504,Zara,https://www.zara.com/us/en/suede-sneakers-p12216320.html,311307495-131-39,SUEDE SNEAKERS,Sneakers. Made of leather with a suede finish. Contrast lacing with seven pairs of eyelets. Welt around upper. Chunky sole.,69.9,USD,2024-02-19T09:00:51.510009,shoes,MAN,3898.8560824683555,4974
188909,Aisle,yes,Clothing,1,2863,Zara,https://www.zara.com/us/en/asymmetric-cropped-knit-sweater-p06771149.html,336449731-712-1,ASYMMETRIC CROPPED KNIT SWEATER,Woven V-neckline long sleeve sweater. Asymmetric hem.,39.9,USD,2024-02-19T09:10:31.877971,sweaters,WOMAN,5873.944663462833,5024
165910,End-cap,yes,Clothing,0,2760,Zara,https://www.zara.com/us/en/knit-sweater-with-pearls-p02142249.html,313890651-712-2,KNIT SWEATER WITH PEARLS,Sweater made with 22% wool and 10% alpaca. Round neck and long sleeves. Faux pearl appliqué.,69.9,USD,2024-02-19T09:10:32.534246,sweaters,WOMAN,6757.74613865742,4992
136738,Front of Store,no,Clothing,1,542,Zara,https://www.zara.com/us/en/high-collar-knit-sweater-p01509118.html,287414911-803-2,HIGH COLLAR KNIT SWEATER,Sweater with high collar and long sleeves. Front pocket. Side vents at hem. Rib trim.,7.99,USD,2024-02-19T09:10:33.128884,sweaters,WOMAN,1328.0596548486076,4805
144497,End-cap,yes,Clothing,1,1105,Zara,https://www.zara.com/us/en/striped-knit-sweater-p06427115.html,342171615-104-2,STRIPED KNIT SWEATER,Sweater with high collar and long sleeves. Front zip closure.,49.9,USD,2024-02-19T09:10:33.890995,sweaters,WOMAN,2545.546538853912,5045
135036,End-cap,yes,Clothing,0,1435,Zara,https://www.zara.com/us/en/cable-knit-metallic-sweater-p04369103.html,314152967-485-2,CABLE KNIT METALLIC SWEATER,Round neck long sleeve sweater. Metallic fabric detail and frayed trim.,49.9,USD,2024-02-19T09:10:34.521463,sweaters,WOMAN,2346.848730042114,5002
166331,Aisle,yes,Clothing,1,2877,Zara,https://www.zara.com/us/en/asymmetrical-wool-and-silk-blend-sweater-p09598025.html,324186867-642-2,ASYMMETRICAL WOOL AND SILK BLEND SWEATER,Wool and silk blend sweater. Asymmetric neckline and long sleeves.,59.9,USD,2024-02-19T09:10:35.068338,sweaters,WOMAN,7920.247919715356,4897
139789,Aisle,no,Clothing,1,1094,Zara,https://www.zara.com/us/en/wool-and-cashmere-blend-rib-sweater-p02893054.html,316900618-809-2,WOOL AND CASHMERE BLEND RIB SWEATER,Sweater made with 80% wool and 20% cashmere. Round neck and long sleeves.,69.9,USD,2024-02-19T09:10:35.641404,sweaters,WOMAN,2167.400086618619,5006
118569,Aisle,no,Clothing,1,994,Zara,https://www.zara.com/us/en/alpaca-and-wool-blend-tie-dye-knit-sweater-p02142220.html,313890645-330-2,ALPACA AND WOOL BLEND TIE DYE KNIT SWEATER,Sweater made with 31% wool and 28% alpaca. Round neck and long sleeves.,49.9,USD,2024-02-19T09:10:36.152051,sweaters,WOMAN,1769.0990990061825,4951
155848,End-cap,yes,Clothing,0,1942,Zara,https://www.zara.com/us/en/mock-neck-wool-and-silk-blend-knit-top-p09598125.html,324597432-800-2,MOCK NECK WOOL AND SILK BLEND KNIT TOP,Wool and silk blend top. High collar and long sleeves.,49.9,USD,2024-02-19T09:10:36.839166,sweaters,WOMAN,3031.777987349027,4936
152563,Front of Store,no,Clothing,1,2572,Zara,https://www.zara.com/us/en/cashmere-blend-knit-sweater-p02893169.html,313890686-731-2,CASHMERE BLEND KNIT SWEATER,Sweater made with 95% cashmere. V-neck and long sleeves. Rib trim.,169.0,USD,2024-02-19T09:10:37.484871,sweaters,WOMAN,6137.664974820237,4904
115153,Aisle,no,Clothing,0,1736,Zara,https://www.zara.com/us/en/alpaca-blend-open-knit-sweater-p05755132.html,313890650-712-2,ALPACA BLEND OPEN KNIT SWEATER,Sweater made with 63% alpaca. Round neck and long sleeves.,79.9,USD,2024-02-19T09:10:38.362632,sweaters,WOMAN,4368.377598237304,5019
125938,Aisle,yes,Clothing,1,1204,Zara,https://www.zara.com/us/en/oversized-knit-sweater-p09598288.html,313890680-450-2,OVERSIZED KNIT SWEATER,Sweater made with 20% wool and 17% alpaca. Crew neck and long sleeves. Tonal rib trim.,49.9,USD,2024-02-19T09:10:38.884024,sweaters,WOMAN,1835.9576190437083,5064
122809,End-cap,no,Clothing,1,1592,Zara,https://www.zara.com/us/en/wool-blend-knit-sweater-p02893159.html,344575855-982-2,WOOL BLEND KNIT SWEATER,Sweater made with 31% wool. Round neck and long sleeves. Rib trim.,49.9,USD,2024-02-19T09:10:39.415761,sweaters,WOMAN,3610.8782232186827,4884
181502,Front of Store,yes,Clothing,0,2591,Zara,https://www.zara.com/us/en/soft-jewel-sweater-p02298153.html,323175653-803-2,SOFT JEWEL SWEATER,Sweater made of soft touch fabric. Round neckline with jewel appliqués and long sleeves.,39.9,USD,2024-02-19T09:10:39.911179,sweaters,WOMAN,4766.775830306786,5017
182779,End-cap,yes,Clothing,1,2097,Zara,https://www.zara.com/us/en/faux-fur-jewel-sweater-p07901339.html,324814227-400-2,FAUX FUR JEWEL SWEATER,Round neck short sleeve sweater. Soft feel faux fur fabric. Jewel appliqués.,35.9,USD,2024-02-19T09:10:40.681401,sweaters,WOMAN,5174.891012232924,4986
155674,Front of Store,no,Clothing,0,897,Zara,https://www.zara.com/us/en/metal-bead-knit-sweater-p03920018.html,323218942-800-2,METAL BEAD KNIT SWEATER,Round neck long sleeve sweater. Side slit at hem with metal bead appliqués.,49.9,USD,2024-02-19T09:10:41.519426,sweaters,WOMAN,1580.110030226216,4954
182866,Aisle,no,Clothing,1,1552,Zara,https://www.zara.com/us/en/knit-sweater-with-buttons-p08851131.html,313890656-800-2,KNIT SWEATER WITH BUTTONS,Basic sweater with round neck and long sleeves. Side button details at shoulders.,39.9,USD,2024-02-19T09:10:42.016223,sweaters,WOMAN,3936.5030543025405,5030
148230,Front of Store,yes,Clothing,0,2494,Zara,https://www.zara.com/us/en/jewel-knit-sweater-p05755005.html,321480271-802-2,JEWEL KNIT SWEATER,Round neck sweater with jewel appliqués and long sleeves. Back opening with button closure.,59.9,USD,2024-02-19T09:10:42.593244,sweaters,WOMAN,5187.77693051031,5021
126979,Front of Store,no,Clothing,0,2141,Zara,https://www.zara.com/us/en/knit-sweater-with-piping-p05536151.html,311297787-806-1,KNIT SWEATER WITH PIPING,Round neck long sleeve sweater. Contrasting piping detail. Rib trim.,49.9,USD,2024-02-19T09:10:43.379668,sweaters,WOMAN,6219.808358828023,4894
135521,End-cap,no,Clothing,1,2835,Zara,https://www.zara.com/us/en/fine-knit-crop-sweater-p09598029.html,322677494-446-1,FINE KNIT CROP SWEATER,Cropped fine knit sweater with round neck and long sleeves.,39.9,USD,2024-02-19T09:10:43.883037,sweaters,WOMAN,4837.307814980836,4945
185809,End-cap,no,Clothing,0,622,Zara,https://www.zara.com/us/en/knit-sweater-with-rips-p00021110.html,313890688-330-1,KNIT SWEATER WITH RIPS,Round neck long sleeve sweater. Openwork detail with rips.,49.9,USD,2024-02-19T09:10:44.463883,sweaters,WOMAN,1251.2149055298912,4929
171520,End-cap,yes,Clothing,1,2901,Zara,https://www.zara.com/us/en/gathered-waist-knit-sweater-p05536012.html,322451460-800-1,GATHERED WAIST KNIT SWEATER,Round neck long sleeve sweater. Fitted waist with side ruching.,47.9,USD,2024-02-19T09:10:45.009106,sweaters,WOMAN,4845.280027678423,4925
122926,End-cap,no,Clothing,0,867,Zara,https://www.zara.com/us/en/knit-v-neck-sweater-p06771003.html,319465261-800-2,KNIT V-NECK SWEATER,V-neck sweater with long sleeves. Rib trim.,45.9,USD,2024-02-19T09:10:45.631804,sweaters,WOMAN,2503.064050571271,4878
150953,Front of Store,yes,Clothing,1,2434,Zara,https://www.zara.com/us/en/basic-foil-knit-sweater-p00506101.html,317331009-312-2,BASIC FOIL KNIT SWEATER,Round neck long sleeve sweater. Rib trim.,35.9,USD,2024-02-19T09:10:46.121269,sweaters,WOMAN,6854.165979193962,4982
115873,End-cap,yes,Clothing,1,2606,Zara,https://www.zara.com/us/en/contrast-topstitching-crop-knit-sweater-p09598003.html,311297400-803-1,CONTRAST TOPSTITCHING CROP KNIT SWEATER,V-neck cropped sweater with long sleeves. Front patch pockets. Contrast topstitching.,59.9,USD,2024-02-19T09:10:46.622912,sweaters,WOMAN,4917.293822738543,4900
115581,Aisle,no,Clothing,1,2728,Zara,https://www.zara.com/us/en/striped-crop-knit-sweater-p06771158.html,336449779-104-1,STRIPED CROP KNIT SWEATER,Long sleeve high collar cropped sweater. Frayed hem.,47.9,USD,2024-02-19T09:10:47.341785,sweaters,WOMAN,6792.654716371861,5072
183634,Front of Store,yes,Clothing,1,2778,Zara,https://www.zara.com/us/en/basic-knit-sweater-p01509115.html,324593343-043-2,BASIC KNIT SWEATER,Long sleeve round neck sweater. Side vents at hem. Rib trim.,27.9,USD,2024-02-19T09:10:48.087091,sweaters,WOMAN,7572.364908238467,4924
122484,Aisle,yes,Clothing,1,558,Zara,https://www.zara.com/us/en/v-neck-knit-sweater-p03519001.html,319473750-809-1,V-NECK KNIT SWEATER,V-neck sweater with long sleeves. Side vents at hem.,47.9,USD,2024-02-19T09:10:48.719383,sweaters,WOMAN,1301.7030793087501,5131
183574,Aisle,yes,Clothing,1,1752,Zara,https://www.zara.com/us/en/foil-knit-crop-sweater-p06771001.html,331789902-808-1,FOIL KNIT CROP SWEATER,Ribbed sweater with round neck and long sleeves. Ripped hem.,47.9,USD,2024-02-19T09:10:49.285266,sweaters,WOMAN,4019.921719919585,5014
185307,Front of Store,no,Clothing,1,2743,Zara,https://www.zara.com/us/en/basic-100-wool-sweater-p02893106.html,300250126-401-2,BASIC 100% WOOL SWEATER,Sweater made of 100% wool. Round neck and long sleeves. Ribbed trim.,7.99,USD,2024-02-19T09:10:49.913569,sweaters,WOMAN,5109.601250909908,5059
118719,End-cap,no,Clothing,1,1669,Zara,https://www.zara.com/us/en/colorblock-knit-crop-sweater-p05536008.html,320052978-401-2,COLORBLOCK KNIT CROP SWEATER,Short sweater with round neck and long sleeves.,45.9,USD,2024-02-19T09:10:50.612150,sweaters,WOMAN,2736.5827792020687,4963
134788,Front of Store,no,Clothing,0,2179,Zara,https://www.zara.com/us/en/fine-knit-sweater-p09598045.html,324722597-400-2,FINE KNIT SWEATER,V-neck sweater with long sleeves.,45.9,USD,2024-02-19T09:10:51.189028,sweaters,WOMAN,6201.049704870448,5001
140142,Front of Store,yes,Clothing,0,606,Zara,https://www.zara.com/us/en/knit-open-back-pearly-sweater-p04331152.html,328207551-500-2,KNIT OPEN BACK PEARLY SWEATER,High collar sweater with long sleeves. Open back detail and pearl appliqués. Back button closure.,49.9,USD,2024-02-19T09:10:51.785857,sweaters,WOMAN,1727.4800139614674,4901
153997,End-cap,no,Clothing,1,1608,Zara,https://www.zara.com/us/en/knit-pearl-sweater-p04331165.html,318131967-800-2,KNIT PEARL SWEATER,Round neck long sleeve sweater. Tonal pearl appliqués and open back with tie.,45.9,USD,2024-02-19T09:10:52.485772,sweaters,WOMAN,3939.0407149431226,4955
123230,Aisle,no,Clothing,1,880,Zara,https://www.zara.com/us/en/striped-textured-overshirt-p04179056.html,324027512-064-2,STRIPED TEXTURED OVERSHIRT,Relaxed fit overshirt. Lapel collar and long sleeves with buttoned cuffs. Patch pockets at hip. Front button closure.,69.9,USD,2024-02-19T08:51:28.667099,jackets,MAN,1767.5193241842849,4918
154676,Aisle,no,Clothing,0,943,Zara,https://www.zara.com/us/en/fleece-overshirt-p01248320.html,311292623-712-97,FLEECE OVERSHIRT,Regular fit overshirt. Lapel collar and long sleeves with buttoned cuffs. Chest patch pockets. Front button closure.,69.9,USD,2024-02-19T08:51:29.090402,jackets,MAN,1908.456943289609,5006
152985,Aisle,yes,Clothing,1,1049,Zara,https://www.zara.com/us/en/plaid-overshirt-p04054659.html,319162032-064-2,PLAID OVERSHIRT,Relaxed fit overshirt. Lapel collar and long sleeves with buttoned cuffs. Chest patch pockets. Front button closure.,89.9,USD,2024-02-19T08:51:29.625821,jackets,MAN,2715.791260702322,4966
175584,Front of Store,no,Clothing,0,2084,Zara,https://www.zara.com/us/en/baggy-fit-jeans-limited-edition-p03991480.html,324908098-800-38,BAGGY FIT JEANS LIMITED EDITION,Baggy jeans. Five pockets. Washed effect. Front zip and button closure.,69.9,USD,2024-02-19T08:54:37.718200,jeans,MAN,5930.366672611755,4963
147491,End-cap,no,Clothing,0,1563,Zara,https://www.zara.com/us/en/baggy-belted-jeans-p04365401.html,326540983-802-36,BAGGY BELTED JEANS,Baggy jeans. Self belt at waist. Front pockets and back patch pockets. Washed effect. Front button closure.,59.9,USD,2024-02-19T08:54:38.277368,jeans,MAN,4424.274121689567,4947
198283,End-cap,yes,Clothing,1,1558,Zara,https://www.zara.com/us/en/baggy-fit-jeans-p08062482.html,315836999-406-34,BAGGY FIT JEANS,Baggy fit jeans. Five pockets. Washed effect. Front zip and button closure.,69.9,USD,2024-02-19T08:54:39.017964,jeans,MAN,4159.569150669267,5056
141547,End-cap,no,Clothing,0,1426,Zara,https://www.zara.com/us/en/baggy-fit-jeans-p06688486.html,315738965-802-34,BAGGY FIT JEANS,Baggy fit jeans. Five pockets. Washed effect. Front zip and button closure.,69.9,USD,2024-02-19T08:54:39.496146,jeans,MAN,3512.305691124022,4994
156342,Front of Store,yes,Clothing,1,1466,Zara,https://www.zara.com/us/en/flared-fit-cargo-jeans-p06688411.html,311287318-400-38,FLARED FIT CARGO JEANS,Flared jeans. Patch pockets with flaps at hip. Patch pocket appliqués at legs. Washed effect. Adjustable hem with zippers. Front zipper and crossover button closure.,109.0,USD,2024-02-19T08:54:39.950692,jeans,MAN,2384.0237830241126,4969
186083,End-cap,no,Clothing,1,624,Zara,https://www.zara.com/us/en/pleated-wide-fit-jeans-p05862417.html,312393140-406-2,PLEATED WIDE FIT JEANS,Wide fit jeans. Adjustable interior elastic waistband with front pleats. Front pockets and back patch pockets. Washed effect. Front zip and button closure.,49.9,USD,2024-02-19T08:54:40.548942,jeans,MAN,1087.2844763925584,4906
171776,Aisle,yes,Clothing,0,1685,Zara,https://www.zara.com/us/en/denim-shirt-p06085371.html,275600408-400-2,DENIM SHIRT,Relaxed fit shirt made of denim fabric. Lapel collar and short sleeves. Chest patch pocket. Washed effect. Front button closure.,12.99,USD,2024-02-19T08:54:41.113222,jeans,MAN,4798.595711502193,5141
134429,Aisle,no,Clothing,0,2914,Zara,https://www.zara.com/us/en/ripped-straight-fit-jeans-p03991404.html,311303003-407-38,RIPPED STRAIGHT FIT JEANS,Straight fit jeans. Five pockets. Washed effect with rips at legs. Front button closure.,69.9,USD,2024-02-19T08:54:41.651379,jeans,MAN,7021.701419772067,4865
172816,Aisle,no,Clothing,1,1524,Zara,https://www.zara.com/us/en/textured-sweater-p02893403.html,311307250-710-3,TEXTURED SWEATER,Sweater made of 30% wool thread. Round neck and long sleeves. Rib trim.,69.9,USD,2024-02-19T08:54:44.291927,sweaters,MAN,2307.0244599956154,5015
136272,End-cap,no,Clothing,1,2887,Zara,https://www.zara.com/us/en/purl-knit-sweater-p03332300.html,267195405-500-3,PURL KNIT SWEATER,High collar sweater with front zipper. Long sleeves. Rib trim.,12.99,USD,2024-02-19T08:54:45.320958,sweaters,MAN,4769.922516381352,4912
193227,End-cap,yes,Clothing,1,1778,Zara,https://www.zara.com/us/en/braided-color-block-sweater-p03284412.html,317894313-707-3,BRAIDED COLOR BLOCK SWEATER,Round neck long sleeve full cut sweater. Rib trim.,69.9,USD,2024-02-19T08:54:45.927706,sweaters,MAN,4436.559218211185,4933
165786,End-cap,no,Clothing,1,1278,Zara,https://www.zara.com/us/en/contrast-interior-sweater-p04696400.html,315075917-803-2,CONTRAST INTERIOR SWEATER,Cotton blend sweater. Round neck and long sleeves. Contrast interior. Rib trim.,59.9,USD,2024-02-19T08:54:46.542710,sweaters,MAN,1926.703056233201,4922
174708,Front of Store,no,Clothing,1,529,Zara,https://www.zara.com/us/en/abstract-jacquard-sweater-p03284407.html,317889153-700-3,ABSTRACT JACQUARD SWEATER,Full cut cotton knit sweater. Round neck and long sleeves. Rib trim.,59.9,USD,2024-02-19T08:54:47.065078,sweaters,MAN,921.1011887997852,5034
142257,Aisle,yes,Clothing,1,1180,Zara,https://www.zara.com/us/en/basic-slim-fit-t-shirt-p05584361.html,315241755-800-2,BASIC SLIM FIT T-SHIRT,Slim fit shirt. Round neck and short sleeves.,19.9,USD,2024-02-19T08:56:26.127459,t-shirts,MAN,2741.2588071788573,4971
126146,Aisle,no,Clothing,0,2759,Zara,https://www.zara.com/us/en/cropped-washed-t-shirt-p03665403.html,320326523-707-2,CROPPED WASHED T-SHIRT,Cropped fit T-shirt with round neck and short sleeves. Contrasting front and back prints. Washed effect.,39.9,USD,2024-02-19T08:56:26.653517,t-shirts,MAN,7001.908275651212,4978
129134,Aisle,no,Clothing,1,1831,Zara,https://www.zara.com/us/en/basic-heavyweight-t-shirt-p01887450.html,316715458-250-2,BASIC HEAVYWEIGHT T-SHIRT,Roomy T-shirt made of dense cotton. Round neck and short sleeves.,29.9,USD,2024-02-19T08:56:27.459508,t-shirts,MAN,4537.111599223892,4988
129898,End-cap,no,Clothing,0,1866,Zara,https://www.zara.com/us/en/heart-print-t-shirt-p06224419.html,322677489-800-2,HEART PRINT T-SHIRT,Boxy fit T-shirt with round neck and short sleeves. Contrasting prints at shoulder and back.,39.9,USD,2024-02-19T08:56:27.954174,t-shirts,MAN,3426.7297971801067,4993
189692,End-cap,yes,Clothing,0,1553,Zara,https://www.zara.com/us/en/text-t-shirt-p00962458.html,330077856-251-2,TEXT T-SHIRT,Boxy fit T-shirt. Round neck and short sleeves. Velvet effect print with contrast text.,39.9,USD,2024-02-19T08:56:28.447616,t-shirts,MAN,3988.5214961290853,5053
154846,End-cap,yes,Clothing,0,917,Zara,https://www.zara.com/us/en/printed-cropped-fit-shirt-limited-edition-p06224490.html,328232452-898-2,PRINTED CROPPED FIT SHIRT LIMITED EDITION,Cropped shirt. Round neckline. Contrasting front print. Washed effect. Irregular trim.,39.9,USD,2024-02-19T08:56:28.979960,t-shirts,MAN,1701.8361198518485,4942
122307,End-cap,no,Clothing,0,702,Zara,https://www.zara.com/us/en/ribbed-knit-t-shirt-p03332431.html,317230892-251-3,RIBBED KNIT T-SHIRT,Cotton knit tank top. Round neck with front button closure. Rib trim.,49.9,USD,2024-02-19T08:56:29.503270,t-shirts,MAN,1395.6458821617089,4976
182099,Aisle,yes,Clothing,0,1978,Zara,https://www.zara.com/us/en/oversize-fit-t-shirt-p04092405.html,330478123-712-2,OVERSIZE FIT T-SHIRT,Oversized T-shirt. Round neck and short sleeves.,39.9,USD,2024-02-19T08:56:30.052250,t-shirts,MAN,5181.839998985177,5111
159816,Front of Store,no,Clothing,1,1961,Zara,https://www.zara.com/us/en/basic-medium-weight-t-shirt-p01887470.html,318255748-250-2,BASIC MEDIUM WEIGHT T-SHIRT,Regular fit T-shirt. Round neck and short sleeves.,27.9,USD,2024-02-19T08:56:30.594950,t-shirts,MAN,4852.395172547382,4902
165326,Aisle,no,Clothing,0,1188,Zara,https://www.zara.com/us/en/structured-text-t-shirt-p00761434.html,319334069-712-2,STRUCTURED TEXT T-SHIRT,Full cut T-shirt made of mesh textured fabric. Contrast rib V-neckline and short sleeves. Front contrast printed text.,45.9,USD,2024-02-19T08:56:31.128680,t-shirts,MAN,3295.316117500625,5026
185154,Aisle,yes,Clothing,0,996,Zara,https://www.zara.com/us/en/abstract-print-t-shirt-p06224403.html,311307261-712-2,ABSTRACT PRINT T-SHIRT,Full cut T-shirt with crew neck and short sleeves. Contrasting front and back prints. Washed effect.,39.9,USD,2024-02-19T08:56:31.723585,t-shirts,MAN,2476.4736610967134,4912
141330,Aisle,no,Clothing,1,1915,Zara,https://www.zara.com/us/en/raised-text-t-shirt-limited-edition-p00977490.html,323216369-922-2,RAISED TEXT T-SHIRT LIMITED EDITION,Full cut T-shirt with round neck and short sleeves. Front tonal raised text. Washed effect.,39.9,USD,2024-02-19T08:56:32.570492,t-shirts,MAN,4504.966463081142,5024
158958,End-cap,no,Clothing,0,903,Zara,https://www.zara.com/us/en/ribbed-knit-t-shirt-p04805409.html,320111404-428-2,RIBBED KNIT T-SHIRT,Cropped fit knit shirt. Round neck and long sleeves. Washed effect.,45.9,USD,2024-02-19T08:56:33.167445,t-shirts,MAN,1481.382473023151,5103
155010,Aisle,yes,Clothing,1,729,Zara,https://www.zara.com/us/en/semi-sheer-knit-shirt-limited-edition-p04805424.html,328232445-800-2,SEMI-SHEER KNIT SHIRT LIMITED EDITION,Slim fit shirt made of wrinkle effect fabric. Round neck and long sleeves.,45.9,USD,2024-02-19T08:56:33.715892,t-shirts,MAN,1495.5972306454903,4917
135857,Aisle,no,Clothing,1,2045,Zara,https://www.zara.com/us/en/viscose-blend-knit-t-shirt-p00693401.html,311297550-251-2,VISCOSE BLEND KNIT T-SHIRT,Knit shirt in viscose blend fabric. Mock neck and short sleeves. Rib trim.,45.9,USD,2024-02-19T08:56:34.269203,t-shirts,MAN,3881.008262863693,4946
147690,Aisle,yes,Clothing,0,881,Zara,https://www.zara.com/us/en/striped-jacquard-t-shirt-p05372400.html,322909502-819-2,STRIPED JACQUARD T-SHIRT,Relaxed fit T-shirt with round neck and short sleeves.,39.9,USD,2024-02-19T08:56:34.766636,t-shirts,MAN,1643.9323137254592,5057
130321,End-cap,yes,Clothing,0,2093,Zara,https://www.zara.com/us/en/abstract-print-knit-t-shirt-p04805401.html,320071210-802-2,ABSTRACT PRINT KNIT T-SHIRT,Cotton knit T-shirt. Round neck and short sleeves.,39.9,USD,2024-02-19T08:56:35.255056,t-shirts,MAN,6194.266636645303,4967
196752,End-cap,no,Clothing,0,2227,Zara,https://www.zara.com/us/en/structured-text-t-shirt-p00761435.html,319334070-401-2,STRUCTURED TEXT T-SHIRT,Full cut T-shirt made of mesh textured fabric. Contrast rib V-neckline and short sleeves. Front contrast printed text.,45.9,USD,2024-02-19T08:56:35.985294,t-shirts,MAN,4653.6429492493135,4899
181011,Aisle,yes,Clothing,1,994,Zara,https://www.zara.com/us/en/alpaca-blend-open-knit-sweater-p05755132.html,322612356-505-2,HERRINGBONE TEXTURED JACKET,RETRO SNEAKERS,89.9,USD,2024-02-19T09:10:31.877971,shoes,MAN,2821.041413769076,4907
139967,End-cap,no,Clothing,0,2634,Zara,https://www.zara.com/us/en/oversized-knit-sweater-p09598288.html,311282631-712-2,OVERSIZED CROPPED JACKET LIMITED EDITION,V-neck sweater with long sleeves. Rib trim.,69.9,USD,2024-02-19T09:10:32.534246,t-shirts,MAN,6444.628711315186,5066
162699,End-cap,no,Clothing,1,2732,Zara,https://www.zara.com/us/en/wool-blend-knit-sweater-p02893159.html,329282612-401-2,LEATHER BIKER JACKET,Round neck long sleeve sweater. Metallic fabric detail and frayed trim.,89.9,USD,2024-02-19T09:10:33.128884,sweaters,MAN,7355.1367219136755,4941
119044,Aisle,no,Clothing,1,1140,Zara,https://www.zara.com/us/en/soft-jewel-sweater-p02298153.html,320026789-714-2,CROPPED LEATHER JACKET,Relaxed fit overshirt made of 25% wool fabric. Lapel collar and long sleeves with buttoned cuffs. Patch pocket at chest and side pockets at hip. Front button closure.,169.0,USD,2024-02-19T09:10:33.890995,sweaters,MAN,2569.509429209879,5046
121348,End-cap,no,Clothing,1,1008,Zara,https://www.zara.com/us/en/faux-fur-jewel-sweater-p07901339.html,323216360-406-2,FAUX LEATHER BOXY FIT JACKET,Relaxed fit overshirt made of stretch fabric. Lapel collar and long sleeves with buttoned cuffs. Chest patch pocket. Front button closure.,169.0,USD,2024-02-19T09:10:34.521463,t-shirts,MAN,2384.278673555055,5040
163982,Front of Store,no,Clothing,0,2685,Zara,https://www.zara.com/us/en/metal-bead-knit-sweater-p03920018.html,318209963-800-2,FAUX LEATHER JACKET,Cropped overshirt. Lapel collar and long sleeves with buttoned cuffs. Chest patch pocket. Irregular trim. Front button closure.,69.9,USD,2024-02-19T09:10:35.068338,t-shirts,MAN,6011.115011855473,4947
185774,End-cap,yes,Clothing,1,1145,Zara,https://www.zara.com/us/en/knit-sweater-with-buttons-p08851131.html,316727555-700-2,FAUX SUEDE BOMBER JACKET,Overshirt with lapel collar and long sleeves with buttoned cuffs. Chest patch pocket. Front button closure.,19.99,USD,2024-02-19T09:10:35.641404,t-shirts,MAN,2052.829831543141,4927
144651,Aisle,yes,Clothing,0,1791,Zara,https://www.zara.com/us/en/jewel-knit-sweater-p05755005.html,312571093-710-2,DENIM BOMBER JACKET,Relaxed fit overshirt made of wool blend fabric. Lapel collar and long sleeves with buttoned cuffs. Welt pockets at hip. Front zip closure.,139.0,USD,2024-02-19T09:10:36.152051,t-shirts,MAN,4627.367607650033,5017
195103,Aisle,yes,Clothing,0,2849,Zara,https://www.zara.com/us/en/knit-sweater-with-piping-p05536151.html,330290387-401-2,BOUCLÉ TEXTURED JACKET,Varsity jacket with elastic collar and long sleeves. Welt pockets at hip and interior pocket. Embroidered appliqué and contrast front and back patches. Rib trim. Front snap button closure.,109.0,USD,2024-02-19T09:10:36.839166,t-shirts,MAN,5473.380690890997,4992
123047,Aisle,no,Clothing,1,2985,Zara,https://www.zara.com/us/en/fine-knit-crop-sweater-p09598029.html,313027279-800-2,SUIT JACKET IN 100% LINEN,Quilted jacket made of technical fabric. Lapel collar and long sleeves. Welt pockets at hip. Rib trim. Front zip closure.,109.0,USD,2024-02-19T09:10:37.484871,t-shirts,MAN,4586.374739696835,4918
123077,Front of Store,no,Clothing,0,1603,Zara,https://www.zara.com/us/en/knit-sweater-with-rips-p00021110.html,320671529-802-2,JACQUARD DENIM JACKET,Jacket made of technical fabric with padded interior. Lapel collar and long sleeves with elastic cuffs. Welt pockets at hip and interior pocket. Adjustable drawstring hem. Front snap button closure.,109.0,USD,2024-02-19T09:10:38.362632,t-shirts,MAN,3956.5381355087848,5001
171860,Aisle,yes,Clothing,0,707,Zara,https://www.zara.com/us/en/gathered-waist-knit-sweater-p05536012.html,323646471-802-2,PADDED DENIM JACKET,Slightly cropped denim jacket. Lapel collar and long sleeves with buttoned cuffs. Flap patch pocket at chest and side hip. Washed effect. Front button closure.,109.0,USD,2024-02-19T09:10:38.884024,t-shirts,MAN,1248.3258755111756,5134
149487,Aisle,no,Clothing,1,1258,Zara,https://www.zara.com/us/en/knit-v-neck-sweater-p06771003.html,312978838-611-2,LEATHER JACKET,Boxy fit jacket. Lapel collar and long sleeves with buttoned cuffs. Patch pockets at hip. Washed effect.Asymmetric hem with side vents. Front button closure.,99.9,USD,2024-02-19T09:10:39.415761,t-shirts,MAN,3661.6453486739492,5041
168516,Front of Store,yes,Clothing,0,2168,Zara,https://www.zara.com/us/en/basic-foil-knit-sweater-p00506101.html,336446858-822-2,LIGHTWEIGHT BOMBER JACKET,Jacket made of faux shearling fabric. V-neckline and long sleeves with elastic cuffs. Lined interior with structured mesh fabric. Welt pockets at hip. Adjustable hem with side elastics. Front snap button closure.,89.9,USD,2024-02-19T09:10:39.911179,t-shirts,MAN,6354.175732412414,5043
177771,End-cap,yes,Clothing,1,1764,Zara,https://www.zara.com/us/en/contrast-topstitching-crop-knit-sweater-p09598003.html,281883711-071-2,SUIT JACKET,Jacket with lightly padded interior. Corduroy lapel collar. Long sleeves. Patch pockets at hip. Front button closure.,69.9,USD,2024-02-19T09:10:40.681401,t-shirts,MAN,5066.731176523307,5015
172015,End-cap,yes,Clothing,1,2622,Zara,https://www.zara.com/us/en/striped-crop-knit-sweater-p06771158.html,313008692-514-2,FAUX LEATHER BOMBER JACKET,Cropped overshirt. Lapel collar and long sleeves with buttoned cuffs. Front patch pockets. Irregular finished seams. Front button closure.,139.0,USD,2024-02-19T09:10:41.519426,t-shirts,MAN,5388.834168104663,4985
118985,Aisle,no,Clothing,1,694,Zara,https://www.zara.com/us/en/basic-knit-sweater-p01509115.html,281593208-015-2,PATCH BOMBER JACKET,Vest made of viscose and wool blend fabric. V-neckline. Patch pockets at hip. Front zip closure.,139.0,USD,2024-02-19T09:10:42.016223,t-shirts,MAN,1057.090337806551,5136
112194,Aisle,yes,Clothing,1,2187,Zara,https://www.zara.com/us/en/v-neck-knit-sweater-p03519001.html,314937772-710-2,STRETCH POCKET OVERSHIRT,Varsity jacket made of faux suede fabric. Double welt pockets at hip and interior pocket. Front and back contrasting patch appliqués and embroidery. Rib trim. Front snap button closure.,109.0,USD,2024-02-19T09:10:42.593244,jackets,MAN,6325.849044569033,4990
113435,Aisle,no,Clothing,1,2973,Zara,https://www.zara.com/us/en/foil-knit-crop-sweater-p06771001.html,320278659-251-2,RIB COLLAR JACKET,Overshirt made of stretchy fabric. Lapel collar and long sleeves with snap buttoned cuffs. Chest patch pockets. Front snap button closure.,129.0,USD,2024-02-19T09:10:43.379668,jackets,MAN,6368.987209421064,4906
159182,Front of Store,yes,Clothing,0,1014,Zara,https://www.zara.com/us/en/basic-100-wool-sweater-p02893106.html,321993245-500-2,FAUX LEATHER OVERSIZED JACKET LIMITED EDITION,Jacket made of technical fabric with padded interior. Tonal elastic rib high collar. Long sleeves. Welt pockets at hip and interior pocket. Interior elastic finish. Front zip closure.,169.0,USD,2024-02-19T09:10:43.883037,jackets,MAN,2991.2819797654215,5092
199233,Aisle,yes,Clothing,0,2222,Zara,https://www.zara.com/us/en/colorblock-knit-crop-sweater-p05536008.html,330590505-500-2,CONTRASTING PATCHES BOMBER JACKET,Oversized jacket. Notched lapel collar and long sleeves. Flap pockets at hip and interior pocket. Front button closure.,159.0,USD,2024-02-19T09:10:44.463883,jackets,MAN,6544.74538363848,5018
137044,Aisle,no,Clothing,1,2534,Zara,https://www.zara.com/us/en/hooded-technical-jacket-p01538301.html,320680326-107-39,PATCH BOMBER JACKET,Varsity jacket with elastic collar and long sleeves. Welt pockets at hip and interior pocket. Embroidered appliqué and contrast front and back patches. Rib trim. Front snap button closure.,12.99,USD,2024-02-19T09:10:45.009106,jackets,MAN,7043.288940231435,4848
154736,Front of Store,yes,Clothing,1,1466,Zara,https://www.zara.com/us/en/houndstooth-suit-jacket-p04285498.html,311292244-800-39,CROPPED BOMBER JACKET LIMITED EDITION,Varsity jacket with padded interior. Rib elastic collar and long sleeves in contrast faux leather. Double welt pockets at hip and interior pocket. Contrasting patch appliqués at front and back. Rib trim. Front snap button closure.,19.9,USD,2024-02-19T09:10:45.631804,jackets,MAN,2846.493113661019,5068
141434,Front of Store,no,Clothing,1,2870,Zara,https://www.zara.com/us/en/bomber-jacket-p05344402.html,311307610-400-39,FAUX LEATHER PUFFER JACKET,Jacket with lightly padded interior. Rib collar and long sleeves. Flap pockets at waist. Rib trim. Front asymmetric zip closure.,39.9,USD,2024-02-19T09:10:31.877972,jackets,MAN,5962.845721631288,4966
